Date,Adj Close,return,cumulative_return,rolling_vol_30d,SMA_50,SMA_200
01/05/2018,24099.05,,1,,,
02/05/2018,23924.98,-0.007223106,0.992776894,,,
03/05/2018,23930.15,0.000216092,0.992991425,,,
04/05/2018,24262.51,0.013888755,1.00678284,,,
07/05/2018,24357.32,0.003907675,1.01071702,,,
08/05/2018,24360.21,0.00011865,1.010836942,,,
09/05/2018,24542.54,0.007484747,1.0184028,,,
10/05/2018,24739.53,0.008026472,1.026576981,,,
11/05/2018,24831.17,0.003704193,1.030379621,,,
14/05/2018,24899.41,0.002748159,1.033211268,,,
15/05/2018,24706.41,-0.007751188,1.025202653,,,
16/05/2018,24768.93,0.002530517,1.027796946,,,
17/05/2018,24713.98,-0.002218505,1.025516773,,,
18/05/2018,24715.09,4.49E-05,1.025562833,,,
21/05/2018,25013.29,0.012065503,1.037936765,,,
22/05/2018,24834.41,-0.007151398,1.030514066,,,
23/05/2018,24886.81,0.002109976,1.032688425,,,
24/05/2018,24811.76,-0.003015654,1.029574195,,,
25/05/2018,24753.09,-0.002364605,1.027139659,,,
29/05/2018,24361.45,-0.015821863,1.010888396,,,
30/05/2018,24667.78,0.012574375,1.023599685,,,
31/05/2018,24415.84,-0.010213323,1.013145331,,,
01/06/2018,24635.21,0.008984741,1.02224818,,,
04/06/2018,24813.69,0.007244915,1.029654281,,,
05/06/2018,24799.98,-0.000552518,1.029085379,,,
06/06/2018,25146.39,0.013968156,1.043459804,,,
07/06/2018,25241.41,0.003778674,1.047402698,,,
08/06/2018,25316.53,0.002976062,1.050519834,,,
11/06/2018,25322.31,0.000228309,1.050759677,,,
12/06/2018,25320.73,-6.24E-05,1.050694114,,,
13/06/2018,25201.2,-0.004720638,1.045734168,0.114443194,,
14/06/2018,25175.31,-0.001027332,1.044659852,0.111707638,,
15/06/2018,25090.48,-0.003369571,1.041139796,0.112607832,,
18/06/2018,24987.47,-0.004105541,1.036865354,0.107510758,,
19/06/2018,24700.21,-0.011496162,1.024945382,0.113023785,,
20/06/2018,24657.8,-0.001716989,1.023185561,0.113201352,,
21/06/2018,24461.7,-0.007952859,1.015048311,0.113681651,,
22/06/2018,24580.89,0.004872515,1.019994149,0.112082323,,
25/06/2018,24252.8,-0.01334736,1.00637992,0.117688901,,
26/06/2018,24283.11,0.001249753,1.007637645,0.117380638,,
27/06/2018,24117.59,-0.00681626,1.000769325,0.116930541,,
28/06/2018,24216.05,0.004082497,1.004854963,0.117397651,,
29/06/2018,24271.41,0.002286087,1.007152149,0.117625649,,
02/07/2018,24307.18,0.00147375,1.00863644,0.117763964,,
03/07/2018,24174.82,-0.005445305,1.003144107,0.112300983,,
05/07/2018,24356.74,0.007525185,1.010692953,0.113491587,,
06/07/2018,24456.48,0.004094965,1.014831705,0.114051306,,
09/07/2018,24776.59,0.013088965,1.028114801,0.120407502,,
10/07/2018,24919.66,0.005774402,1.03405155,0.121337091,,
11/07/2018,24700.45,-0.008796669,1.024955341,0.114781404,24657.598,
12/07/2018,24924.89,0.009086474,1.034268571,0.112000878,24674.1148,
13/07/2018,25019.41,0.003792193,1.038190717,0.107777123,24696.0034,
16/07/2018,25064.36,0.001796605,1.040055936,0.105033449,24718.6876,
17/07/2018,25119.89,0.002215496,1.042360176,0.103263855,24735.8352,
18/07/2018,25199.29,0.003160842,1.045654912,0.103517565,24752.6746,
19/07/2018,25064.5,-0.00534896,1.040061745,0.09667826,24766.7604,
20/07/2018,25058.12,-0.000254543,1.039797004,0.095979686,24777.072,
23/07/2018,25044.29,-0.000551917,1.039223123,0.095500625,24783.1672,
24/07/2018,25241.94,0.007892019,1.047424691,0.09843673,24791.3826,
25/07/2018,25414.1,0.006820395,1.054568541,0.100452513,24801.6764,
26/07/2018,25527.07,0.00444517,1.059256278,0.10010895,24818.0896,
27/07/2018,25451.06,-0.002977623,1.056102211,0.100517384,24831.7322,
30/07/2018,25306.83,-0.005666955,1.050117328,0.101478528,24843.5892,
31/07/2018,25415.19,0.004281848,1.054613771,0.101221338,24857.5912,
01/08/2018,25333.82,-0.003201629,1.051237289,0.095299789,24864.0018,
02/08/2018,25326.16,-0.000302363,1.050919435,0.095054999,24873.8368,
03/08/2018,25462.58,0.005386525,1.056580239,0.092063301,24885.3522,
06/08/2018,25502.18,0.001555223,1.058223457,0.091461636,24899.1606,
07/08/2018,25628.91,0.004969379,1.06348217,0.080862718,24916.677,
08/08/2018,25583.75,-0.001762073,1.061608238,0.081526664,24941.123,
09/08/2018,25509.23,-0.002912786,1.058516,0.078697024,24957.952,
10/08/2018,25313.14,-0.007687022,1.050379164,0.083108492,24975.898,
13/08/2018,25187.7,-0.004955529,1.04517398,0.085132209,24986.9478,
14/08/2018,25299.92,0.004455349,1.049830595,0.085637431,24996.6724,
15/08/2018,25162.41,-0.005435195,1.044124561,0.085630466,25003.921,
16/08/2018,25558.73,0.015750479,1.060570022,0.093721305,25012.1678,
17/08/2018,25669.32,0.004326897,1.065159,0.09377684,25020.726,
20/08/2018,25758.69,0.003481588,1.068867445,0.087500753,25029.5692,
21/08/2018,25822.29,0.00246907,1.071506553,0.086555016,25039.5688,
22/08/2018,25733.6,-0.00343463,1.067826325,0.082471861,25047.8262,
23/08/2018,25656.98,-0.00297743,1.064646947,0.080052035,25056.9418,
24/08/2018,25790.35,0.005198196,1.07018119,0.080583542,25069.2426,
27/08/2018,26049.64,0.01005376,1.080940535,0.08471846,25088.4258,
28/08/2018,26064.02,0.000552023,1.081537239,0.0846994,25109.9568,
29/08/2018,26124.57,0.002323126,1.084049786,0.084569385,25138.444,
30/08/2018,25986.92,-0.005268986,1.078337943,0.084515735,25165.0264,
31/08/2018,25964.82,-0.000850428,1.077420894,0.084623597,25195.0888,
04/09/2018,25952.48,-0.000475258,1.076908841,0.084610103,25222.5206,
05/09/2018,25974.99,0.000867354,1.077842903,0.082198565,25256.9644,
06/09/2018,25995.87,0.00080385,1.078709327,0.080303722,25291.2196,
07/09/2018,25916.54,-0.003051639,1.075417496,0.080259377,25327.1986,
10/09/2018,25857.07,-0.002294674,1.072949764,0.080025028,25360.019,
11/09/2018,25971.06,0.004408465,1.077679826,0.07854854,25394.012,
12/09/2018,25998.92,0.001072732,1.078835888,0.077887201,25427.8468,
13/09/2018,26145.99,0.005656773,1.084938618,0.078194078,25467.2702,
14/09/2018,26154.67,0.000331982,1.085298798,0.078119329,25503.2288,
17/09/2018,26062.12,-0.003538565,1.081458398,0.078131743,25535.3416,
18/09/2018,26246.96,0.007092286,1.08912841,0.080224442,25564.749,
19/09/2018,26405.76,0.006050224,1.095717881,0.080751822,25594.471,
20/09/2018,26656.98,0.009513833,1.106142358,0.083940303,25633.6016,
21/09/2018,26743.5,0.003245679,1.109732541,0.083094244,25669.9738,
24/09/2018,26562.05,-0.006784826,1.102203199,0.082255939,25700.8266,
25/09/2018,26492.21,-0.002629315,1.099305159,0.080905357,25729.3836,
26/09/2018,26385.28,-0.004036281,1.094868055,0.082123822,25754.6914,
27/09/2018,26439.93,0.002071231,1.097135779,0.079524243,25779.5042,
28/09/2018,26458.31,0.000695161,1.097898465,0.067397291,25807.3804,
01/10/2018,26651.21,0.007290715,1.10590293,0.069131631,25839.2422,
02/10/2018,26773.94,0.004605044,1.110995662,0.069520769,25873.8352,
03/10/2018,26828.39,0.002033694,1.113255087,0.069468507,25905.5642,
04/10/2018,26627.48,-0.007488709,1.104918244,0.072776389,25929.8318,
05/10/2018,26447.05,-0.006776082,1.097431227,0.075432296,25948.2314,
08/10/2018,26486.78,0.001502247,1.099079839,0.074407998,25968.9458,
09/10/2018,26430.57,-0.002122191,1.096747382,0.069603769,25991.4206,
10/10/2018,25598.74,-0.031472269,1.062230254,0.115873529,25995.0916,
11/10/2018,25052.83,-0.021325659,1.039577494,0.130129617,25989.4718,
12/10/2018,25339.99,0.011462178,1.051493316,0.134719036,25989.7484,
15/10/2018,25250.55,-0.003529599,1.047781967,0.134950511,25985.5078,
16/10/2018,25798.42,0.021697349,1.070516058,0.15000889,25991.4326,
17/10/2018,25706.68,-0.003556032,1.066709269,0.150294487,25992.988,
18/10/2018,25379.45,-0.012729376,1.053130725,0.154488468,25988.902,
19/10/2018,25444.34,0.002556793,1.055823362,0.154618581,25987.6042,
22/10/2018,25317.41,-0.004988536,1.05055635,0.155076655,25987.6896,
23/10/2018,25191.43,-0.004976022,1.045328758,0.154798228,25987.7642,
24/10/2018,24583.42,-0.024135589,1.020099133,0.168540145,25973.4342,
25/10/2018,24984.55,0.016317095,1.036744187,0.175338642,25969.877,
26/10/2018,24688.31,-0.011856928,1.024451586,0.177801195,25952.4686,
29/10/2018,24442.92,-0.009939522,1.014269027,0.179287803,25927.9406,
30/10/2018,24874.64,0.017662374,1.032183426,0.186457597,25910.2596,
31/10/2018,25115.76,0.009693407,1.0421888,0.18806913,25896.129,
01/11/2018,25380.74,0.010550348,1.053184254,0.188624563,25889.0718,
02/11/2018,25270.83,-0.004330449,1.048623493,0.188222993,25881.3488,
05/11/2018,25461.7,0.007552977,1.056543723,0.189517976,25874.7758,
06/11/2018,25635.01,0.006806694,1.063735292,0.190928151,25866.4832,
07/11/2018,26180.3,0.0212713,1.086362325,0.201269285,25868.8088,
08/11/2018,26191.22,0.000417108,1.086815455,0.201165442,25870.1418,
09/11/2018,25989.3,-0.007709454,1.078436702,0.202298594,25870.1894,
12/11/2018,25387.18,-0.023167996,1.053451485,0.211150489,25858.6366,
13/11/2018,25286.49,-0.003966175,1.049273312,0.210445664,25845.3168,
14/11/2018,25080.5,-0.008146247,1.040725672,0.210894275,25827.427,
15/11/2018,25289.27,0.008323997,1.049388669,0.212395086,25813.295,
16/11/2018,25413.22,0.004901288,1.054532025,0.212633091,25803.2286,
19/11/2018,25017.44,-0.015573784,1.038108971,0.21644402,25786.436,
20/11/2018,24465.64,-0.022056613,1.015211803,0.224263292,25756.3276,
21/11/2018,24464.69,-3.88E-05,1.015172382,0.206767328,25725.643,
23/11/2018,24285.95,-0.00730604,1.007755492,0.198885502,25688.4422,
26/11/2018,24640.24,0.01458827,1.022456902,0.200779505,25658.1536,
27/11/2018,24748.73,0.00440296,1.026958739,0.201177386,25631.8858,
28/11/2018,25366.43,0.024958856,1.052590455,0.204511786,25614.2752,
29/11/2018,25338.84,-0.001087658,1.051445596,0.204314462,25592.9368,
30/11/2018,25538.46,0.007878024,1.05972891,0.202227548,25570.5664,
03/12/2018,25826.43,0.011275934,1.071678344,0.204642537,25552.225,
04/12/2018,25027.07,-0.030951239,1.038508572,0.223723261,25521.5254,
06/12/2018,24947.67,-0.003172565,1.035213836,0.223455776,25490.6346,
07/12/2018,24388.95,-0.022395679,1.01202952,0.221889575,25450.708,
10/12/2018,24423.26,0.001406785,1.013453227,0.21640274,25410.3746,
11/12/2018,24370.24,-0.002170881,1.011253141,0.213856369,25368.6132,
12/12/2018,24527.27,0.006443515,1.017769165,0.212737097,25326.1344,
13/12/2018,24597.38,0.002858451,1.020678408,0.206411595,25282.6032,
14/12/2018,24100.51,-0.020200119,1.000060583,0.211954604,25228.0456,
17/12/2018,23592.98,-0.02105889,0.979000417,0.216366023,25167.3556,
18/12/2018,23675.64,0.003503585,0.982430428,0.216930847,25111.9274,
19/12/2018,23323.66,-0.014866758,0.967824873,0.218008386,25048.665,
20/12/2018,22859.6,-0.019896534,0.948568512,0.221463761,24977.2456,
21/12/2018,22445.37,-0.018120615,0.931379868,0.212068368,24914.1782,
24/12/2018,21792.2,-0.029100434,0.90427631,0.22247918,24848.9656,
26/12/2018,22878.45,0.049845816,0.949350701,0.275005122,24799.7348,
27/12/2018,23138.82,0.011380579,0.960154861,0.272402049,24757.5002,
28/12/2018,23062.4,-0.003302675,0.956983782,0.272387216,24702.7798,
31/12/2018,23327.46,0.011493166,0.967982555,0.27504871,24655.1954,
02/01/2019,23346.24,0.00080506,0.968761839,0.273390914,24614.5312,
03/01/2019,22686.22,-0.028270934,0.941374038,0.28232658,24559.3688,
04/01/2019,23433.16,0.032924833,0.97236862,0.298988605,24521.6838,
07/01/2019,23531.35,0.004190216,0.976443055,0.293318188,24488.4822,
08/01/2019,23787.45,0.010883353,0.98707003,0.29537313,24472.5628,
09/01/2019,23879.12,0.003853713,0.990873914,0.294997486,24450.4542,
10/01/2019,24001.92,0.005142568,0.995969551,0.292083963,24436.7264,
11/01/2019,23995.95,-0.00024873,0.995721823,0.291687035,24427.787,
14/01/2019,23909.84,-0.003588522,0.992148653,0.281272162,24408.491,
15/01/2019,24065.59,0.006514054,0.998611564,0.282304708,24387.4876,
16/01/2019,24207.16,0.005882673,1.004486069,0.281783489,24364.016,
17/01/2019,24370.1,0.006731066,1.011247331,0.280278327,24346.0014,
18/01/2019,24706.35,0.013797645,1.025200163,0.269614953,24330.8944,
22/01/2019,24404.48,-0.012218316,1.012673944,0.271721426,24306.2838,
23/01/2019,24575.62,0.007012647,1.019775468,0.264487926,24274.1902,
24/01/2019,24553.24,-0.000910659,1.018846801,0.264495605,24241.4306,
25/01/2019,24737.2,0.00749229,1.026480297,0.26518975,24216.3886,
28/01/2019,24528.22,-0.008448005,1.017808586,0.265865425,24199.2094,
29/01/2019,24579.96,0.002109407,1.019955558,0.265807631,24185.0788,
30/01/2019,25014.86,0.017693275,1.038001913,0.263323358,24183.766,
31/01/2019,24999.67,-0.000607239,1.037371598,0.254713866,24177.974,
01/02/2019,25063.89,0.002568834,1.040036433,0.254682105,24170.9874,
04/02/2019,25239.37,0.007001307,1.047318048,0.249920623,24175.426,
05/02/2019,25411.52,0.006820693,1.054461483,0.240705684,24194.3436,
06/02/2019,25390.3,-0.000835054,1.05358095,0.232186702,24212.8558,
07/02/2019,25169.53,-0.008695053,1.044420008,0.213521966,24230.5274,
08/02/2019,25106.33,-0.002510973,1.041797498,0.166496906,24239.8492,
11/02/2019,25053.11,-0.002119784,1.039589112,0.165294728,24245.9368,
12/02/2019,25425.76,0.014874401,1.055052378,0.167927928,24247.1234,
13/02/2019,25543.27,0.004621691,1.059928503,0.166190608,24251.212,
14/02/2019,25439.39,-0.004066825,1.05561796,0.167366368,24249.2306,25027.74915
15/02/2019,25883.25,0.017447745,1.074036113,0.144174423,24250.367,25036.67015
19/02/2019,25891.32,0.000311785,1.074370981,0.116523612,24267.652,25046.50185
20/02/2019,25954.44,0.002437883,1.076990172,0.116525365,24287.7874,25056.6233
21/02/2019,25850.63,-0.003999701,1.072682533,0.116089908,24317.021,25064.5639
22/02/2019,26031.81,0.007008727,1.080200672,0.116696787,24349.192,25072.93635
25/02/2019,26091.95,0.00231025,1.082696206,0.11651394,24383.6262,25081.59505
26/02/2019,26057.98,-0.001301934,1.081286607,0.116794075,24414.2404,25089.17225
27/02/2019,25985.16,-0.002794537,1.078264911,0.116440126,24441.996,25095.4004
28/02/2019,25916,-0.002661519,1.075395088,0.116935574,24478.3058,25100.82455
01/03/2019,26026.32,0.00425683,1.079972862,0.116621213,24526.9726,25106.4591
04/03/2019,25819.65,-0.007940808,1.071397005,0.119647967,24569.8528,25112.0253
05/03/2019,25806.63,-0.000504267,1.070856735,0.114412744,24619.5122,25117.2138
06/03/2019,25673.46,-0.005160302,1.065330791,0.108759534,24675.7894,25122.0112
07/03/2019,25473.23,-0.007799105,1.057022165,0.110938955,24736.3466,25125.8019
08/03/2019,25450.24,-0.000902516,1.056068185,0.110937599,24809.5074,25127.98665
11/03/2019,25650.88,0.007883619,1.064393825,0.111135473,24864.956,25132.069
12/03/2019,25554.66,-0.003751138,1.060401136,0.108379583,24913.2728,25135.40825
13/03/2019,25702.89,0.005800508,1.066552001,0.10911799,24966.0826,25139.8639
14/03/2019,25709.94,0.000274288,1.066844544,0.097760863,25013.7322,25144.64815
15/03/2019,25848.87,0.005403747,1.072609501,0.098487909,25063.7848,25152.08525
18/03/2019,25914.1,0.002523515,1.075316247,0.098482253,25128.3424,25158.31685
19/03/2019,25887.38,-0.001031099,1.07420749,0.097063141,25177.4268,25165.67455
20/03/2019,25745.67,-0.005474096,1.068327175,0.097046802,25221.7132,25171.22685
21/03/2019,25962.51,0.008422387,1.07732504,0.099652616,25265.2144,25176.97095
22/03/2019,25502.32,-0.017725174,1.058229266,0.109999042,25297.6784,25180.48265
25/03/2019,25516.83,0.000568968,1.058831365,0.109637512,25327.9766,25182.33485
26/03/2019,25657.73,0.005521846,1.064678068,0.110247463,25361.2122,25184.41645
27/03/2019,25625.59,-0.001252644,1.063344406,0.101978652,25395.5272,25185.96175
28/03/2019,25717.46,0.003585088,1.067156589,0.101638925,25428.5646,25187.9375
29/03/2019,25928.68,0.008213097,1.07592125,0.103327882,25462.995,25190.97725
01/04/2019,26258.42,0.012717192,1.089603947,0.097386301,25500.7614,25196.26335
02/04/2019,26179.13,-0.003019603,1.086313776,0.09791884,25530.217,25201.28245
03/04/2019,26218.13,0.001489736,1.087932097,0.097784741,25566.49,25206.9207
04/04/2019,26384.63,0.006350567,1.094841083,0.098378541,25602.6702,25213.9065
05/04/2019,26424.99,0.001529678,1.096515838,0.096590951,25640.1052,25222.5304
08/04/2019,26341.02,-0.003177674,1.093031468,0.097014614,25672.1816,25230.9465
09/04/2019,26150.58,-0.007229788,1.085129082,0.099376198,25704.6288,25239.3909
10/04/2019,26157.16,0.00025162,1.085402122,0.098986691,25736.1728,25247.27225
11/04/2019,26143.05,-0.000539432,1.084816621,0.098636853,25758.7366,25256.7235
12/04/2019,26412.3,0.010299104,1.095989261,0.102227277,25786.9892,25267.36945
15/04/2019,26384.77,-0.001042317,1.094846892,0.099181048,25813.4068,25278.70535
16/04/2019,26452.66,0.002573075,1.097664016,0.099246342,25837.6726,25289.8884
17/04/2019,26449.54,-0.000117947,1.09753455,0.097659028,25858.433,25300.77905
18/04/2019,26559.54,0.004158862,1.102099045,0.094378984,25881.8178,25312.04085
22/04/2019,26511.05,-0.001825709,1.100086933,0.094613195,25908.6482,25323.722
23/04/2019,26656.39,0.005482242,1.106117876,0.093427218,25939.6494,25335.22025
24/04/2019,26597.05,-0.002226108,1.103655538,0.092813385,25970.5282,25345.9231
25/04/2019,26462.08,-0.005074623,1.098054903,0.093630381,25991.2546,25354.35055
26/04/2019,26543.33,0.003070431,1.101426405,0.093795833,26011.2558,25362.4689
29/04/2019,26554.39,0.000416677,1.101885344,0.092908011,26033.5558,25371.7386
30/04/2019,26592.91,0.001450608,1.103483747,0.092798532,26047.749,25380.0787
01/05/2019,26430.14,-0.006120804,1.096729539,0.094858391,26058.5254,25387.13235
02/05/2019,26307.79,-0.004629185,1.091652576,0.094410359,26065.5924,25393.3495
03/05/2019,26504.95,0.007494358,1.099833811,0.093790202,26078.6788,25400.2748
06/05/2019,26438.48,-0.002507833,1.097075611,0.076597823,26086.8122,25406.47075
07/05/2019,25965.09,-0.017905341,1.077432098,0.094557579,26084.275,25410.9737
08/05/2019,25967.33,8.63E-05,1.077525048,0.093403232,26082.462,25415.51975
09/05/2019,25828.36,-0.005351725,1.07175843,0.094785146,26079.326,25419.4401
10/05/2019,25942.37,0.00441414,1.076489322,0.095066388,26079.8534,25422.94225
13/05/2019,25324.99,-0.023798134,1.050870885,0.115096465,26065.8268,25422.4967
14/05/2019,25532.05,0.008176114,1.059462925,0.111161294,26060.0748,25422.5216
15/05/2019,25648.02,0.004542134,1.064275148,0.112071426,26056.9026,25423.5064
16/05/2019,25862.68,0.008369457,1.073182553,0.114954158,26060.687,25426.28565
17/05/2019,25764,-0.003815537,1.069087786,0.113510864,26066.5024,25428.0297
20/05/2019,25679.9,-0.003264245,1.065598021,0.113517887,26071.0956,25429.7601
21/05/2019,25877.33,0.007688114,1.073790461,0.115988101,26075.6246,25432.51595
22/05/2019,25776.61,-0.00389221,1.069611043,0.114718222,26080.0636,25434.0861
23/05/2019,25490.47,-0.011100762,1.057737546,0.118758154,26075.8152,25434.02755
24/05/2019,25585.69,0.003735514,1.061688739,0.119494025,26073.3302,25433.81145
28/05/2019,25347.77,-0.009298948,1.05181615,0.117311783,26063.3082,25432.63155
29/05/2019,25126.41,-0.008732918,1.042630726,0.119241697,26047.5544,25430.71745
30/05/2019,25169.88,0.001730052,1.044434532,0.119010125,26033.2044,25430.00115
31/05/2019,24815.04,-0.014097803,1.0297103,0.124250293,26014.5918,25428.13785
03/06/2019,24819.78,0.000191013,1.029906988,0.123041373,25991.7372,25425.73715
04/06/2019,25332.18,0.020644824,1.051169237,0.139775045,25988.3344,25426.586
05/06/2019,25539.57,0.00818682,1.05977497,0.141158207,25988.7892,25426.4902
06/06/2019,25720.66,0.007090566,1.067289374,0.143244367,25990.0478,25426.7469
07/06/2019,25983.94,0.010236129,1.078214286,0.146370347,25997.2148,25427.87315
10/06/2019,26062.68,0.003030333,1.081481635,0.146361735,26004.1192,25429.0751
11/06/2019,26048.51,-0.000543689,1.080893645,0.146332069,26006.5158,25430.64965
12/06/2019,26004.83,-0.001676871,1.079081126,0.146231979,26001.444,25432.3889
13/06/2019,26106.77,0.003920041,1.083311168,0.145895237,25999.9968,25433.971
14/06/2019,26089.61,-0.000657301,1.082599107,0.14534058,25997.4264,25434.17085
17/06/2019,26112.53,0.000878511,1.083550181,0.143536109,25991.9844,25434.4134
18/06/2019,26465.54,0.013518797,1.098198477,0.148959994,25992.7954,25436.11825
19/06/2019,26504,0.00145321,1.09979439,0.138878134,25996.055,25438.70365
20/06/2019,26753.17,0.009401222,1.110133802,0.141113654,26008.1068,25442.6454
21/06/2019,26719.13,-0.001272373,1.108721298,0.140000808,26019.3462,25446.47865
24/06/2019,26727.54,0.000314756,1.109070275,0.139678763,26031.036,25450.2414
25/06/2019,26548.22,-0.006709185,1.101629317,0.120784328,26033.7544,25453.00315
26/06/2019,26536.82,-0.000429407,1.10115627,0.119279644,26036.7954,25456.10455
27/06/2019,26526.58,-0.000385879,1.100731357,0.118975682,26038.2738,25459.4521
28/06/2019,26599.96,0.002766282,1.10377629,0.117115112,26041.2822,25462.5966
01/07/2019,26717.43,0.004416172,1.108650756,0.116625156,26044.44,25466.18915
02/07/2019,26786.68,0.002591941,1.111524313,0.115893396,26049.9526,25469.3926
03/07/2019,26966,0.006694372,1.11896527,0.115462327,26056.1448,25473.44925
05/07/2019,26922.12,-0.001627234,1.117144452,0.114744572,26062.6462,25477.74925
08/07/2019,26806.14,-0.004307982,1.112331814,0.109860002,26069.5274,25480.54515
09/07/2019,26783.49,-0.000844956,1.111391943,0.109925346,26074.3306,25482.4338
10/07/2019,26860.2,0.002864078,1.114575056,0.105038581,26080.4468,25483.4499
11/07/2019,27088.08,0.008483928,1.12403103,0.101612443,26090.3502,25485.1728
12/07/2019,27332.03,0.009005806,1.134153836,0.103289746,26108.388,25489.0227
15/07/2019,27359.16,0.000992608,1.135279606,0.090319114,26129.4154,25493.35745
16/07/2019,27335.63,-0.000860041,1.134303219,0.090681539,26146.029,25498.1092
17/07/2019,27219.85,-0.004235498,1.129498881,0.076790287,26161.6564,25502.0088
18/07/2019,27222.97,0.000114622,1.129628346,0.075057625,26186.814,25505.8321
19/07/2019,27154.2,-0.002526176,1.126774707,0.07472096,26210.5514,25508.34705
22/07/2019,27171.9,0.000651833,1.127509176,0.07037761,26237.4222,25510.33685
23/07/2019,27349.19,0.006524755,1.134865897,0.071752868,26265.5586,25512.94085
24/07/2019,27269.97,-0.002896612,1.131578631,0.072686605,26304.4582,25516.1533
25/07/2019,27140.98,-0.004730112,1.126226138,0.074379315,26336.6368,25519.62295
26/07/2019,27192.45,0.001896394,1.128361906,0.074022661,26367.5254,25523.1513
29/07/2019,27221.35,0.001062795,1.129561124,0.07378087,26394.6988,25527.1052
30/07/2019,27198.02,-0.000857048,1.128593036,0.074063888,26423.3792,25535.1016
31/07/2019,26864.27,-0.012271114,1.114743942,0.075012054,26447.0666,25544.1588
01/08/2019,26583.42,-0.010454407,1.103089956,0.08137894,26461.1884,25550.37595
02/08/2019,26485.01,-0.003701932,1.099006392,0.077132847,26475.3564,25556.54825
05/08/2019,25717.74,-0.028969972,1.067168208,0.113357639,26479.9018,25556.14485
06/08/2019,26029.52,0.012123149,1.080105647,0.1197575,26488.7784,25557.75905
07/08/2019,26007.07,-0.000862482,1.079174075,0.118465374,26501.9644,25560.89715
08/08/2019,26378.19,0.014269966,1.094573852,0.126125798,26527,25565.5664
09/08/2019,26287.44,-0.003440342,1.090808144,0.126481598,26549.3512,25570.41655
12/08/2019,25896.44,-0.014874023,1.074583438,0.132967589,26570.9792,25573.9416
13/08/2019,26279.91,0.014807827,1.090495683,0.139786073,26600.1818,25582.42405
14/08/2019,25479.42,-0.03046015,1.057279021,0.164113896,26603.1266,25584.8984
15/08/2019,25579.39,0.003923559,1.061427318,0.163088198,26603.923,25589.3538
16/08/2019,25886.01,0.011986994,1.074150641,0.16784952,26607.23,25596.56925
19/08/2019,26135.79,0.009649228,1.084515365,0.170495546,26610.267,25602.875
20/08/2019,25962.44,-0.006632667,1.077322135,0.171335585,26608.2622,25607.1084
21/08/2019,26202.73,0.009255293,1.087293068,0.173568543,26611.3466,25611.21835
22/08/2019,26252.24,0.001889498,1.089347505,0.171554817,26616.2948,25616.1254
23/08/2019,25628.9,-0.02374426,1.063481756,0.180977399,26606.7374,25616.9614
26/08/2019,25898.83,0.010532251,1.074682612,0.18446273,26602.9218,25618.2805
27/08/2019,25777.9,-0.004669323,1.069664572,0.184631377,26596.2292,25616.2685
28/08/2019,26036.1,0.010016332,1.080378687,0.187652463,26587.6404,25615.4929
29/08/2019,26362.25,0.012526838,1.093912416,0.191929886,26584.8054,25617.35765
30/08/2019,26403.28,0.001556392,1.095614972,0.192012342,26577.8076,25622.43815
03/09/2019,26118.02,-0.010803961,1.083777991,0.194086354,26565.7854,25626.5958
04/09/2019,26355.47,0.009091424,1.093631077,0.195119017,26558.344,25632.97065
05/09/2019,26728.15,0.014140518,1.109095587,0.199988135,26561.9426,25640.16505
06/09/2019,26797.46,0.002593146,1.111971634,0.199797412,26567.1554,25647.08625
09/09/2019,26835.51,0.001419911,1.113550534,0.199755682,26573.334,25656.1766
10/09/2019,26909.43,0.002754559,1.116617875,0.199920737,26579.5234,25668.39555
11/09/2019,27137.04,0.008458373,1.126062646,0.20151464,26587.9156,25681.7573
12/09/2019,27182.45,0.001673359,1.127946952,0.19815846,26595.831,25696.2398
13/09/2019,27219.52,0.001363748,1.129485187,0.195439304,26600.9014,25709.1362
16/09/2019,27076.82,-0.005242561,1.123563792,0.195802633,26603.9954,25720.77665
17/09/2019,27110.8,0.001254948,1.124973806,0.174266504,26610.0886,25729.4985
18/09/2019,27147.08,0.001338212,1.12647926,0.171506343,26617.3604,25738.5397
19/09/2019,27094.79,-0.001926174,1.124309464,0.171659101,26622.0522,25746.32135
20/09/2019,26935.07,-0.00589486,1.117681817,0.168464977,26618.992,25751.86455
23/09/2019,26949.99,0.000553925,1.118300929,0.167998446,26611.3512,25761.47915
24/09/2019,26807.77,-0.005277182,1.112399451,0.162384683,26600.3234,25770.77965
25/09/2019,26970.71,0.006078089,1.119160714,0.157940123,26593.025,25783.68845
26/09/2019,26891.12,-0.002950979,1.115858094,0.12768074,26586.4504,25796.02775
27/09/2019,26820.25,-0.002635442,1.112917314,0.128160651,26578.396,25808.2778
30/09/2019,26916.83,0.00360101,1.116924941,0.124514177,26573.6486,25820.2256
01/10/2019,26573.04,-0.012772306,1.102659233,0.128397104,26561.6714,25830.1039
02/10/2019,26078.62,-0.018606076,1.082143072,0.138535085,26536.26,25839.99445
03/10/2019,26201.04,0.004694267,1.08722294,0.136556949,26514.8814,25853.03475
04/10/2019,26573.72,0.014223863,1.10268745,0.142560662,26503.5362,25867.52515
07/10/2019,26478.02,-0.003601302,1.098716339,0.123546831,26489.2476,25883.29695
08/10/2019,26164.04,-0.011858137,1.08568761,0.125741754,26468.1014,25899.81915
09/10/2019,26346.01,0.006954966,1.09323853,0.126206071,26451.0612,25919.32235
10/10/2019,26496.67,0.005718513,1.099490229,0.124062724,26443.7092,25942.8447
11/10/2019,26816.59,0.01207397,1.112765441,0.123691243,26448.3726,25962.5354
14/10/2019,26787.36,-0.001089997,1.11155253,0.123751063,26454.4196,25980.7781
15/10/2019,27024.8,0.008863882,1.121405201,0.12122733,26480.5608,26000.5901
16/10/2019,27001.98,-0.00084441,1.120458275,0.118982623,26500.01,26018.9627
17/10/2019,27025.88,0.00088512,1.121450016,0.11210566,26520.3862,26037.3609
18/10/2019,26770.2,-0.009460562,1.110840469,0.115444071,26528.2264,26057.7808
21/10/2019,26827.64,0.002145669,1.113223965,0.115541215,26539.0304,26074.7532
22/10/2019,26788.1,-0.001473853,1.111583237,0.115320003,26556.8636,26091.03695
23/10/2019,26833.95,0.001711581,1.113485801,0.112581602,26567.9444,26106.26945
24/10/2019,26805.53,-0.001059106,1.112306502,0.112433316,26594.4666,26120.9015
25/10/2019,26958.06,0.005690244,1.118635797,0.113728586,26622.04,26135.6822
28/10/2019,27090.72,0.004920977,1.124140578,0.113702676,26646.1342,26151.15605
29/10/2019,27071.46,-0.000710945,1.123341377,0.113663184,26664.8476,26166.96415
30/10/2019,27186.69,0.004256512,1.128122893,0.114280028,26689.3326,26182.56965
31/10/2019,27046.23,-0.005166499,1.122294447,0.115155307,26706.2026,26196.765
01/11/2019,27347.36,0.011133899,1.134789961,0.118161519,26728.105,26211.6513
04/11/2019,27462.11,0.004196017,1.139551559,0.118637571,26764.7692,26225.4301
05/11/2019,27492.63,0.001111349,1.140817999,0.117299172,26796.6452,26240.87085
06/11/2019,27492.56,-2.55E-06,1.140815094,0.116271477,26830.9384,26255.45555
07/11/2019,27674.8,0.006628702,1.148377218,0.116995344,26863.7124,26271.06335
08/11/2019,27681.24,0.000232703,1.148644449,0.11651858,26890.0922,26285.78355
11/11/2019,27691.49,0.000370287,1.149069777,0.116287151,26915.8564,26301.5999
12/11/2019,27691.49,0,1.149069777,0.108821328,26947.3258,26317.15755
13/11/2019,27783.59,0.003325932,1.152891504,0.090872355,26975.8882,26331.0012
14/11/2019,27781.96,-5.87E-05,1.152823867,0.090750478,26996.9644,26344.91265
15/11/2019,28004.89,0.008024272,1.162074439,0.085078082,27021.113,26359.61765
18/11/2019,28036.22,0.001118733,1.16337449,0.083578134,27045.1272,26373.6019
19/11/2019,27934.02,-0.003645285,1.159133659,0.074733553,27065.619,26386.2144
20/11/2019,27821.09,-0.004042741,1.154447582,0.075440739,27079.3,26398.36835
21/11/2019,27766.29,-0.001969729,1.152173633,0.075286428,27090.9768,26411.35215
22/11/2019,27875.62,0.003937508,1.156710327,0.068841315,27104.0988,26425.1986
25/11/2019,28066.47,0.006846484,1.164629726,0.070274009,27123.8918,26440.2654
26/11/2019,28121.68,0.001967116,1.166920688,0.066807156,27144.1094,26453.745
27/11/2019,28164,0.001504889,1.168676774,0.066487204,27164.4478,26466.84865
29/11/2019,28051.41,-0.003997657,1.164004805,0.06830587,27183.5802,26479.90875
02/12/2019,27783.04,-0.009567077,1.152868682,0.068451562,27200.5396,26489.4077
03/12/2019,27502.81,-0.010086369,1.141240422,0.075838892,27211.596,26497.46515
04/12/2019,27649.78,0.005343818,1.147339003,0.076601747,27228.4362,26505.94185
05/12/2019,27677.79,0.001013028,1.148501289,0.076577431,27242.5778,26515.07765
06/12/2019,28015.06,0.012185583,1.162496447,0.082786336,27265.0566,26524.9939
09/12/2019,27909.6,-0.003764404,1.158120341,0.08314763,27286.8436,26534.08215
10/12/2019,27881.72,-0.000998939,1.156963449,0.082595486,27306.1414,26543.20085
11/12/2019,27911.3,0.00106091,1.158190883,0.082441102,27332.9066,26552.83155
12/12/2019,28132.05,0.007908983,1.167350995,0.084340288,27373.9752,26563.9118
13/12/2019,28135.38,0.00011837,1.167489175,0.082264228,27412.662,26574.4571
16/12/2019,28235.89,0.00357237,1.171659879,0.077196472,27445.9054,26586.5383
17/12/2019,28267.16,0.001107456,1.17295744,0.076629285,27481.6882,26598.84095
18/12/2019,28239.28,-0.000986304,1.171800548,0.076837698,27523.193,26611.67005
19/12/2019,28376.96,0.004875478,1.177513636,0.077633623,27563.812,26626.1887
20/12/2019,28455.09,0.00275329,1.180755673,0.076016975,27602.9804,26641.21295
23/12/2019,28551.53,0.0033892,1.18475749,0.076312281,27637.6792,26655.7162
24/12/2019,28515.45,-0.00126368,1.183260336,0.076584005,27672.241,26670.52015
26/12/2019,28621.39,0.003715179,1.18765636,0.076923265,27704.1728,26685.11265
27/12/2019,28645.26,0.000833992,1.188646855,0.076638825,27737.0384,26699.78925
30/12/2019,28462.14,-0.006392681,1.181048216,0.079563441,27765.7636,26712.8556
31/12/2019,28538.44,0.002680754,1.184214316,0.076818181,27801.1284,26725.9773
02/01/2020,28868.8,0.011575966,1.19792274,0.083105343,27841.9516,26740.8844
03/01/2020,28634.88,-0.008102865,1.188216133,0.086211583,27878.8872,26755.33045
06/01/2020,28703.38,0.002392187,1.191058569,0.085053751,27916.2758,26769.0348
07/01/2020,28583.68,-0.004170241,1.186091568,0.085967988,27951.8388,26784.4416
08/01/2020,28745.09,0.005646929,1.192789342,0.086619006,27987.5794,26800.5829
09/01/2020,28956.9,0.007368563,1.201578485,0.086935825,28024.903,26817.07875
10/01/2020,28823.77,-0.004597523,1.196054201,0.088407566,28059.9492,26833.06965
13/01/2020,28907.05,0.002889282,1.199509939,0.088589269,28094.3564,26849.0176
14/01/2020,28939.67,0.001128444,1.20086352,0.087372397,28132.2252,26864.07255
15/01/2020,29030.22,0.003128923,1.204620929,0.081512764,28165.8824,26877.93155
16/01/2020,29297.64,0.00921178,1.215717632,0.076774017,28202.593,26893.5241
17/01/2020,29348.1,0.001722323,1.21781149,0.076167995,28239.7024,26909.17395
21/01/2020,29196.04,-0.005181255,1.211501698,0.078931126,28273.772,26923.231
22/01/2020,29186.27,-0.000334634,1.211096288,0.072702491,28304.0014,26937.0374
23/01/2020,29160.09,-0.000896997,1.210009938,0.071404059,28333.5784,26951.13275
24/01/2020,28989.73,-0.005842232,1.20294078,0.074185954,28359.5432,26965.3285
27/01/2020,28535.8,-0.015658304,1.184104768,0.089017521,28376.4294,26977.2217
28/01/2020,28722.85,0.006554924,1.191866484,0.088153976,28395.2146,26990.1207
29/01/2020,28734.45,0.00040386,1.192347831,0.088141266,28414.2644,27001.73145
30/01/2020,28859.44,0.004349831,1.197534343,0.088388544,28431.3554,27014.1048
31/01/2020,28256.03,-0.020908583,1.172495596,0.108373262,28435.7516,27023.12165
03/02/2020,28399.81,0.005088471,1.178461807,0.109314289,28445.0674,27032.873
04/02/2020,28807.63,0.014359955,1.195384465,0.116077278,28464.7982,27044.11345
05/02/2020,29290.85,0.016774028,1.215435878,0.125169542,28495.2894,27058.01245
06/02/2020,29379.77,0.00303576,1.21912565,0.125114989,28525.3724,27071.62935
07/02/2020,29102.51,-0.009437106,1.207620632,0.12858524,28546.0932,27084.15665
10/02/2020,29276.82,0.005989518,1.214853698,0.129214345,28569.196,27098.23035
11/02/2020,29276.34,-1.64E-05,1.21483378,0.129235167,28591.4428,27111.8954
12/02/2020,29551.42,0.009395983,1.226248338,0.129743478,28621.443,27126.88055
13/02/2020,29423.31,-0.004335155,1.22093236,0.130677703,28654.2484,27141.03255
14/02/2020,29398.08,-0.000857483,1.219885431,0.126889629,28692.1538,27155.87225
18/02/2020,29232.19,-0.005642886,1.213001757,0.125611181,28723.802,27170.49425
19/02/2020,29348.03,0.003962755,1.217808586,0.125875202,28757.2068,27184.70965
20/02/2020,29219.98,-0.004363155,1.212495098,0.125942232,28781.3052,27198.61715
21/02/2020,28992.41,-0.007788164,1.203051988,0.127427176,28802.9614,27213.75375
24/02/2020,27960.8,-0.035582071,1.160244906,0.162695579,28804.543,27223.7211
25/02/2020,27081.36,-0.031452605,1.123752181,0.184806187,28787.9442,27229.9861
26/02/2020,26957.59,-0.004570302,1.118616294,0.184351805,28764.455,27235.0622
27/02/2020,25766.64,-0.044178652,1.069197334,0.220366725,28717.0802,27237.27045
28/02/2020,25409.36,-0.013865991,1.054371853,0.221247129,28660.5496,27236.657
02/03/2020,26703.32,0.050924541,1.108065256,0.270899996,28629.2728,27241.9335
03/03/2020,25917.41,-0.029431172,1.075453597,0.281091327,28582.8354,27242.20715
04/03/2020,27090.86,0.045276515,1.124146388,0.31519556,28557.1134,27248.84145
05/03/2020,26121.28,-0.035789931,1.083913266,0.329690341,28510.4372,27251.04835
06/03/2020,25864.78,-0.00981958,1.073269693,0.330096049,28456.7022,27250.9856
09/03/2020,23851.02,-0.077857225,0.989707893,0.393836493,28363.4136,27241.35765
10/03/2020,25018.16,0.048934595,1.038138848,0.423692473,28291.349,27238.9961
11/03/2020,23553.22,-0.058555066,0.977350559,0.450721667,28189.5082,27228.83375
12/03/2020,21200.62,-0.099884432,0.879728454,0.525478337,28044.2778,27208.098
13/03/2020,23185.62,0.093629337,0.962096846,0.603851322,27937.2214,27198.39405
16/03/2020,20188.52,-0.129265467,0.837730948,0.700195034,27763.6158,27173.48725
17/03/2020,21237.38,0.051953288,0.881253825,0.721911214,27615.6658,27155.59895
18/03/2020,19898.92,-0.063023782,0.825713877,0.735226686,27439.5766,27130.99465
19/03/2020,20087.19,0.009461317,0.833526218,0.733111818,27269.6468,27104.7697
20/03/2020,19173.98,-0.045462307,0.795632193,0.738248265,27078.2246,27072.94175
23/03/2020,18591.93,-0.030356243,0.771479789,0.739845316,26870.9252,27037.2981
24/03/2020,20704.91,0.113650385,0.859158764,0.825634766,26708.548,27010.90295
25/03/2020,21200.55,0.023938283,0.879725549,0.83109408,26554.418,26986.5923
26/03/2020,22552.17,0.063754006,0.935811578,0.856306829,26426.668,26969.1106
27/03/2020,21636.78,-0.040589886,0.897827093,0.861553681,26278.7992,26947.27035
30/03/2020,22327.48,0.031922495,0.926487974,0.869369749,26139.396,26928.3739
31/03/2020,21917.16,-0.018377354,0.909461576,0.86989513,25990.7772,26907.51165
01/04/2020,20943.51,-0.044424095,0.869059569,0.875354704,25825.7266,26881.66655
02/04/2020,21413.44,0.022437977,0.888559508,0.880209293,25670.27,26856.40605
03/04/2020,21052.53,-0.016854368,0.873583399,0.880509717,25508.1188,26829.1487
06/04/2020,22679.99,0.077304723,0.941115521,0.911272222,25381.924,26808.7828
07/04/2020,22653.86,-0.001152117,0.940031246,0.907956409,25264.2852,26788.45645
08/04/2020,23433.57,0.034418417,0.972385633,0.914876708,25158.4996,26771.9866
09/04/2020,23719.37,0.012196178,0.984245022,0.90740975,25058.198,26757.84235
13/04/2020,23390.77,-0.013853656,0.97060963,0.90740825,24948.8246,26742.1121
14/04/2020,23949.76,0.023897888,0.99380515,0.897251135,24862.6992,26729.228
15/04/2020,23504.35,-0.018597681,0.975322679,0.894926151,24764.79,26713.74995
16/04/2020,23537.68,0.001418035,0.976705721,0.88387874,24659.391,26697.8512
17/04/2020,24242.49,0.029943903,1.005952102,0.883326865,24558.4238,26685.13025
20/04/2020,23650.44,-0.024421996,0.981384743,0.885608481,24443.8372,26668.55245
21/04/2020,23018.88,-0.026703943,0.955177901,0.859281646,24322.1646,26649.03625
22/04/2020,23475.82,0.019850662,0.974138815,0.849034466,24206.1446,26632.38465
23/04/2020,23515.26,0.001680027,0.975775394,0.831142423,24090.923,26616.0435
24/04/2020,23775.27,0.011057075,0.986564616,0.77403198,23975.4,26600.61885
27/04/2020,24133.78,0.015079114,1.001441136,0.727967409,23869.6094,26585.84735
28/04/2020,24101.55,-0.001335473,1.000103739,0.612174924,23763.6788,26569.69495
29/04/2020,24633.86,0.022086131,1.022192161,0.59893556,23671.7122,26556.06845
30/04/2020,24345.72,-0.011696908,1.010235673,0.56534143,23571.666,26541.1189
01/05/2020,23723.69,-0.025549871,0.984424282,0.573252288,23461.7402,26523.6381
04/05/2020,23749.76,0.001098902,0.985506068,0.552307598,23356.8872,26506.27205
05/05/2020,23883.09,0.005613951,0.991038651,0.540467013,23275.333,26489.9165
06/05/2020,23664.64,-0.009146639,0.981973978,0.441898946,23206.9986,26472.3802
07/05/2020,23875.89,0.008926821,0.990739884,0.438387095,23145.3646,26455.0137
08/05/2020,24331.32,0.019074891,1.009638139,0.403498914,23116.6582,26440.32045
11/05/2020,24221.99,-0.004493385,1.005101446,0.382765056,23092.9108,26425.7255
12/05/2020,23764.78,-0.018875823,0.986129329,0.378913092,23034.14,26408.58715
13/05/2020,23247.97,-0.021746888,0.964684085,0.380636964,22980.7512,26388.72025
14/05/2020,23625.34,0.016232385,0.980343209,0.355804644,22911.4408,26370.85685
15/05/2020,23685.42,0.002543032,0.982836253,0.351621291,22862.7236,26354.9626
18/05/2020,24597.37,0.038502589,1.020677994,0.360139135,22837.3754,26345.03235
19/05/2020,24206.86,-0.015876088,1.00447362,0.293706729,22844.4922,26333.6416
20/05/2020,24575.9,0.015245265,1.019787087,0.295850145,22835.647,26327.9324
21/05/2020,24474.12,-0.004141456,1.015563684,0.280865469,22854.065,26320.1554
22/05/2020,24465.16,-0.000366101,1.015191885,0.279101553,22919.3558,26312.44585
26/05/2020,24995.11,0.021661416,1.037182379,0.28144744,22955.5456,26305.53045
27/05/2020,25548.27,0.022130729,1.06013598,0.280316937,23062.7406,26301.8346
28/05/2020,25400.64,-0.005778473,1.054010013,0.274409859,23146.0058,26299.3556
29/05/2020,25383.11,-0.00069014,1.053282598,0.274565673,23255.6896,26294.8716
01/06/2020,25475.02,0.003620912,1.057096442,0.26215746,23363.4462,26294.8496
02/06/2020,25742.65,0.010505585,1.068201859,0.251128005,23494.8196,26295.6659
03/06/2020,26269.89,0.020481186,1.090079899,0.239686349,23648.3788,26297.5853
04/06/2020,26281.82,0.000454132,1.09057494,0.235463264,23759.917,26298.31545
05/06/2020,27110.98,0.031548804,1.124981275,0.248589497,23878.1256,26304.05815
08/06/2020,27572.44,0.017021148,1.144129748,0.250472753,23978.531,26310.9067
09/06/2020,27272.3,-0.010885507,1.131675315,0.252751696,24091.2414,26316.007
10/06/2020,26989.99,-0.010351529,1.119960745,0.255801644,24184.4916,26322.81245
11/06/2020,25128.17,-0.068981871,1.042703758,0.326072956,24248.7118,26318.95915
12/06/2020,25605.54,0.018997404,1.062512423,0.327923963,24341.9524,26318.09735
15/06/2020,25763.16,0.006155699,1.069052929,0.31757966,24428.9468,26316.73265
16/06/2020,26289.98,0.020448579,1.090913542,0.321526986,24533.6958,26316.3713
17/06/2020,26119.61,-0.006480416,1.083843969,0.322775153,24602.4882,26314.95295
18/06/2020,26080.1,-0.001512657,1.082204485,0.320992879,24671.013,26314.76335
19/06/2020,25871.46,-0.007999969,1.073546883,0.322227782,24719.7708,26312.3433
22/06/2020,26024.96,0.005933179,1.079916428,0.318720847,24765.8826,26308.82735
23/06/2020,26156.1,0.005039009,1.085358137,0.318114864,24821.1892,26305.62055
24/06/2020,25445.94,-0.027150837,1.055889755,0.323857935,24851.1128,26298.6727
25/06/2020,25745.6,0.011776338,1.06832427,0.316553325,24895.9378,26292.85355
26/06/2020,25015.55,-0.028356302,1.038030545,0.327291166,24925.4952,26282.2461
29/06/2020,25595.8,0.023195572,1.062108257,0.332949617,24952.5614,26274.31285
30/06/2020,25812.88,0.008481079,1.071116081,0.3159128,24995.8102,26267.27965
01/07/2020,25734.97,-0.003018261,1.067883174,0.311831342,25050.132,26260.5704
02/07/2020,25827.36,0.003590057,1.071716935,0.309425381,25097.1628,26254.1532
06/07/2020,26287.03,0.017797793,1.090791131,0.312257846,25152.5982,26249.85295
07/07/2020,25890.18,-0.015096799,1.074323677,0.316355493,25194.8964,26243.8299
08/07/2020,26067.28,0.006840431,1.081672514,0.311260936,25233.5664,26239.49095
09/07/2020,25706.09,-0.013856068,1.066684786,0.308083425,25265.6572,26233.27145
10/07/2020,26075.3,0.014362744,1.082005307,0.310102355,25294.486,26229.6091
13/07/2020,26085.8,0.00040268,1.082441009,0.310064862,25329.2876,26225.18455
14/07/2020,26642.59,0.021344563,1.105545239,0.315524618,25387.6656,26223.9419
15/07/2020,26870.1,0.008539335,1.11498586,0.315098393,25450.0724,26224.19115
16/07/2020,26734.71,-0.005038686,1.109367797,0.310474008,25507.1048,26223.28055
17/07/2020,26671.95,-0.00234751,1.106763545,0.31060519,25567.251,26223.7751
20/07/2020,26680.87,0.000334434,1.107133684,0.296503185,25623.3506,26226.78635
21/07/2020,26840.4,0.00597919,1.113753447,0.292579446,25673.5322,26229.98315
22/07/2020,27005.84,0.006163843,1.120618448,0.291607439,25729.2092,26232.14375
23/07/2020,26652.33,-0.013090132,1.105949405,0.292545637,25786.9602,26233.0153
24/07/2020,26469.89,-0.00684518,1.098378982,0.209269544,25851.3986,26234.54455
27/07/2020,26584.77,0.004340026,1.103145975,0.203033511,25910.5872,26235.73835
28/07/2020,26379.28,-0.007729614,1.094619082,0.204151595,25964.4644,26235.1514
29/07/2020,26539.57,0.00607636,1.101270382,0.196270769,26003.3084,26233.7663
30/07/2020,26313.65,-0.008512572,1.091895739,0.196975936,26045.4442,26231.39775
31/07/2020,26428.32,0.004357814,1.096654017,0.197235606,26082.4926,26228.41535
03/08/2020,26664.4,0.008932842,1.106450254,0.196987131,26126.2982,26226.72745
04/08/2020,26828.47,0.006153148,1.113258406,0.197035235,26173.5644,26225.7404
05/08/2020,27201.52,0.013905005,1.12873827,0.200229453,26217.6926,26227.897
06/08/2020,27386.98,0.006818001,1.136434009,0.181489772,26254.4668,26230.6937
07/08/2020,27433.48,0.001697887,1.138363545,0.179359632,26295.1236,26233.9206
10/08/2020,27791.44,0.01304829,1.153217243,0.156832408,26343.2902,26238.70805
11/08/2020,27686.91,-0.00376123,1.148879728,0.146634764,26387.528,26243.11495
12/08/2020,27976.84,0.010471736,1.160910492,0.14743252,26432.2118,26248.20885
13/08/2020,27896.72,-0.002863797,1.15758588,0.147380871,26464.7484,26252.23885
14/08/2020,27931.02,0.001229535,1.159009173,0.147420487,26497.7324,26256.53665
17/08/2020,27844.91,-0.003082952,1.155436003,0.141067653,26512.411,26259.82775
18/08/2020,27778.07,-0.002400439,1.152662449,0.132252364,26516.5236,26263.48695
19/08/2020,27692.88,-0.003066808,1.149127455,0.132467259,26524.9352,26265.21455
20/08/2020,27739.73,0.001691771,1.151071515,0.123610675,26539.93,26266.60265
21/08/2020,27930.33,0.006871011,1.158980541,0.119229499,26595.9732,26268.79115
24/08/2020,28308.46,0.013538329,1.174671201,0.123398584,26650.0316,26272.87065
25/08/2020,28248.44,-0.002120214,1.172180646,0.110782567,26699.7372,26275.73885
26/08/2020,28331.92,0.002955207,1.175644683,0.109076945,26740.576,26278.99225
27/08/2020,28492.27,0.005659694,1.182298472,0.107654592,26788.0292,26282.99615
28/08/2020,28653.87,0.005671714,1.189004131,0.107253596,26839.5046,26287.80805
31/08/2020,28430.05,-0.007811161,1.179716628,0.111153439,26890.6764,26291.04035
01/09/2020,28645.66,0.007583877,1.188663454,0.111730542,26943.0904,26295.35885
02/09/2020,29100.5,0.015878147,1.207537227,0.118094344,27001.9784,26300.8369
03/09/2020,28292.73,-0.027757942,1.174018478,0.140473261,27058.9142,26302.11945
04/09/2020,28133.31,-0.005634663,1.167403279,0.139851029,27106.6684,26303.1159
08/09/2020,27500.89,-0.022479403,1.141160751,0.156661471,27156.3752,26301.5149
09/09/2020,27940.47,0.01598421,1.159401304,0.159986577,27203.2686,26302.3858
10/09/2020,27534.58,-0.014526957,1.142558732,0.166404062,27237.7026,26300.6806
11/09/2020,27665.64,0.004759833,1.14799712,0.164045698,27276.316,26298.67645
14/09/2020,27993.33,0.011844656,1.161594752,0.166507094,27319.6354,26298.0347
15/09/2020,27995.6,8.11E-05,1.161688946,0.165263713,27353.8068,26297.1927
16/09/2020,28032.38,0.001313778,1.163215147,0.164719246,27396.6508,26297.09755
17/09/2020,27901.98,-0.004651763,1.157804146,0.161337208,27433.3448,26297.69225
18/09/2020,27657.42,-0.008764969,1.147656028,0.162684384,27472.3714,26298.4653
21/09/2020,27147.7,-0.018429774,1.126504987,0.171486886,27493.8194,26295.9549
22/09/2020,27288.18,0.005174656,1.132334262,0.167639487,27517.867,26294.00685
23/09/2020,26763.13,-0.019240931,1.110547096,0.176006934,27520.2778,26287.7472
24/09/2020,26815.44,0.001954555,1.112717721,0.172856143,27519.1846,26282.2764
25/09/2020,27173.96,0.013369909,1.127594656,0.177952664,27527.9696,26278.7376
28/09/2020,27584.06,0.015091654,1.144611925,0.183775637,27546.2118,26277.1014
29/09/2020,27452.66,-0.004763621,1.139159427,0.184057044,27561.6476,26273.70445
30/09/2020,27781.7,0.011985724,1.152813078,0.187395816,27580.4736,26271.93605
01/10/2020,27816.9,0.001267021,1.154273716,0.187185859,27596.6948,26269.8411
02/10/2020,27682.81,-0.004820451,1.148709596,0.187690743,27617.3044,26266.91935
05/10/2020,28148.64,0.01682741,1.168039404,0.193001375,27650.8794,26266.46615
06/10/2020,27772.76,-0.013353398,1.152442109,0.192747746,27674.6392,26263.44515
07/10/2020,28303.46,0.019108652,1.174463724,0.200906739,27713.1228,26262.687
08/10/2020,28425.51,0.004312194,1.179528239,0.201110213,27750.8416,26262.0569
09/10/2020,28586.9,0.005677647,1.186225183,0.201114464,27796.3066,26262.41415
12/10/2020,28837.52,0.008766953,1.196624763,0.20204571,27844.4906,26263.4948
13/10/2020,28679.81,-0.005468917,1.190080522,0.201342291,27884.7988,26263.66755
14/10/2020,28514,-0.005781419,1.183200168,0.200906693,27918.5094,26263.92685
15/10/2020,28494.2,-0.000694396,1.182378558,0.195129409,27944.363,26263.70565
16/10/2020,28606.31,0.003934485,1.187030609,0.177678697,27968.7496,26262.3932
19/10/2020,28195.42,-0.014363614,1.169980559,0.182015103,27983.9884,26260.1959
20/10/2020,28308.79,0.004020866,1.174684894,0.169151751,27994.3354,26258.22295
21/10/2020,28210.82,-0.003460763,1.170619589,0.163497935,28004.8136,26256.35865
22/10/2020,28363.66,0.005417779,1.176961747,0.157824437,28012.55,26254.4515
23/10/2020,28335.57,-0.000990352,1.175796141,0.157525469,28021.327,26251.34485
26/10/2020,27685.38,-0.022946071,1.14881624,0.168318344,28016.4142,26245.6529
27/10/2020,27463.19,-0.008025535,1.139596374,0.169786333,28008.7798,26238.4336
28/10/2020,26519.95,-0.03434561,1.100456242,0.195786589,27983.6174,26226.335
29/10/2020,26659.11,0.00524737,1.106230744,0.196622169,27962.942,26214.47945
30/10/2020,26501.6,-0.005908299,1.099694801,0.195870665,27938.1794,26200.49925
02/11/2020,26925.05,0.015978281,1.117266033,0.195180487,27918.0738,26188.384
03/11/2020,27480.03,0.020612032,1.140295157,0.203812346,27901.5052,26179.80395
04/11/2020,27847.66,0.013378079,1.155550115,0.198473336,27893.4896,26173.1109
05/11/2020,28390.18,0.019481709,1.178062206,0.205282224,27894.6548,26169.26135
06/11/2020,28323.4,-0.002352222,1.175291142,0.202747101,27891.2774,26165.9297
09/11/2020,29157.97,0.029465742,1.209921968,0.215051201,27901.3594,26169.04055
10/11/2020,29420.92,0.009018118,1.220833186,0.215027426,27921.1768,26172.5309
11/11/2020,29397.63,-0.000791614,1.219866758,0.213259188,27936.2162,26175.8468
12/11/2020,29080.17,-0.01079883,1.206693625,0.216449961,27935.8096,26176.95045
13/11/2020,29479.81,0.013742698,1.223276851,0.218364374,27959.5512,26183.06935
16/11/2020,29950.44,0.015964486,1.242805837,0.217875518,27995.8938,26190.8225
17/11/2020,29783.35,-0.005578883,1.235872368,0.214198861,28041.543,26195.7011
18/11/2020,29438.42,-0.011581303,1.221559356,0.211877378,28071.502,26196.43895
19/11/2020,29483.23,0.00152216,1.223418765,0.211698111,28110.475,26196.95625
20/11/2020,29263.48,-0.00745339,1.214300149,0.212759269,28142.4318,26197.7611
23/11/2020,29591.27,0.011201334,1.22790193,0.213659817,28174.3906,26199.33335
24/11/2020,30046.24,0.015375143,1.246781097,0.216738312,28215.4034,26203.18285
25/11/2020,29872.47,-0.005783419,1.239570439,0.216738907,28252.2052,26204.7881
27/11/2020,29910.37,0.001268727,1.241143116,0.216629602,28292.373,26207.2234
30/11/2020,29638.64,-0.009084809,1.229867567,0.21874298,28331.9974,26208.4262
01/12/2020,29823.92,0.006251299,1.237555837,0.214045852,28385.5218,26211.38485
02/12/2020,29883.79,0.002007449,1.240040168,0.213957046,28437.434,26214.06365
03/12/2020,29969.52,0.002868779,1.243597569,0.213366037,28501.5618,26217.81135
04/12/2020,30218.26,0.008299766,1.253919138,0.21391761,28569.6182,26223.9406
07/12/2020,30069.79,-0.004913254,1.247758314,0.21472685,28627.5348,26234.48555
08/12/2020,30173.88,0.003461614,1.252077572,0.201206681,28679.3312,26249.94815
09/12/2020,30068.81,-0.003482151,1.247717649,0.199476348,28731.6542,26265.50425
10/12/2020,29999.26,-0.002313028,1.244831643,0.166019557,28776.0054,26286.66735
11/12/2020,30046.37,0.001570372,1.246786492,0.166154217,28820.5948,26309.8524
14/12/2020,29861.55,-0.006151159,1.23911731,0.16628211,28864.1696,26325.64355
15/12/2020,30199.31,0.011310866,1.2531328,0.163903317,28905.183,26347.05305
16/12/2020,30154.54,-0.001482484,1.25127505,0.156657281,28952.8186,26362.37145
17/12/2020,30303.37,0.004935575,1.257450812,0.153750203,28992.8168,26383.2819
18/12/2020,30179.05,-0.004102514,1.252292103,0.146631921,29027.8876,26404.85325
21/12/2020,30216.45,0.00123927,1.253844031,0.146056947,29060.4786,26436.6804
22/12/2020,30015.51,-0.00665002,1.245505943,0.123187128,29084.0384,26461.66715
23/12/2020,30129.83,0.003808698,1.250249699,0.121147468,29113.0388,26494.5502
24/12/2020,30199.87,0.002324607,1.253156037,0.12112344,29146.7562,26539.54645
28/12/2020,30403.97,0.006758307,1.261625251,0.116972773,29184.9516,26575.6382
29/12/2020,30335.67,-0.002246417,1.258791114,0.111495322,29219.5388,26626.37395
30/12/2020,30409.56,0.002435746,1.26185721,0.102201032,29263.8216,26672.23485
31/12/2020,30606.48,0.006475595,1.270028487,0.101913872,29309.7754,26725.77265
04/01/2021,30223.89,-0.012500294,1.254152757,0.102923951,29350.0368,26776.45615
05/01/2021,30391.6,0.005548922,1.261111953,0.103794004,29390.5956,26832.54425
06/01/2021,30829.4,0.014405296,1.279278644,0.107531325,29440.4722,26893.7316
07/01/2021,31041.13,0.006867795,1.288064467,0.104927429,29507.5872,26945.4127
08/01/2021,31097.97,0.001831119,1.290423066,0.096499482,29580.2828,26994.8998
11/01/2021,31008.69,-0.002870927,1.286718356,0.09503514,29670.0576,27037.1824
12/01/2021,31068.69,0.001934941,1.289208081,0.095055137,29758.2492,27084.34195
13/01/2021,31060.47,-0.000264575,1.288866989,0.089996903,29849.4266,27128.0069
14/01/2021,30991.52,-0.002219863,1.28600588,0.089522672,29930.756,27173.3787
15/01/2021,30814.26,-0.005719629,1.278650403,0.091762456,29997.4406,27222.73245
19/01/2021,30930.52,0.003772929,1.28347466,0.09195636,30059.0978,27270.31785
20/01/2021,31188.38,0.00833675,1.294174667,0.09198169,30115.0618,27320.9971
21/01/2021,31176.01,-0.000396622,1.293661368,0.090345583,30172.114,27363.4772
22/01/2021,30996.98,-0.005742557,1.286232445,0.092279313,30208.8942,27405.1928
25/01/2021,30960,-0.001193019,1.284697945,0.091567469,30239.6758,27442.82495
26/01/2021,30937.04,-0.000741602,1.28374521,0.091187358,30270.464,27478.9133
27/01/2021,30303.17,-0.020489032,1.257442513,0.11045518,30294.924,27513.4753
28/01/2021,30603.36,0.009906224,1.269899021,0.112088768,30317.395,27546.7433
29/01/2021,29982.62,-0.020283394,1.244141159,0.12329102,30318.0386,27579.13465
01/02/2021,30211.91,0.00764743,1.253655642,0.125295912,30326.6098,27612.5058
02/02/2021,30687.48,0.015741143,1.273389615,0.132624047,30351.591,27644.73075
03/02/2021,30723.6,0.001177027,1.274888429,0.131928811,30376.3984,27680.09655
04/02/2021,31055.86,0.010814488,1.288675695,0.135191667,30412.246,27720.28145
05/02/2021,31148.24,0.00297464,1.292509041,0.133356029,30443.3854,27758.64355
08/02/2021,31385.76,0.007625471,1.302365031,0.134441856,30470.1758,27797.99605
09/02/2021,31375.83,-0.000316386,1.301952982,0.134501398,30500.243,27835.99885
10/02/2021,31437.8,0.001975087,1.304524452,0.133528327,30530.7916,27872.51895
11/02/2021,31430.7,-0.000225843,1.304229835,0.133209819,30566.6328,27909.1647
12/02/2021,31458.4,0.000881304,1.305379258,0.133162402,30599.3224,27943.2874
16/02/2021,31522.75,0.002045559,1.308049487,0.132243017,30632.1016,27979.17255
17/02/2021,31613.02,0.002863646,1.311795278,0.125942903,30664.9716,28018.6192
18/02/2021,31493.34,-0.003785782,1.306829107,0.126259639,30690.4732,28057.3371
19/02/2021,31494.32,3.11E-05,1.306869773,0.11992837,30718.9638,28095.39325
22/02/2021,31521.69,0.000869046,1.308005502,0.118516504,30745.92,28134.6785
23/02/2021,31537.35,0.000496801,1.30865532,0.118453198,30775.2908,28172.9858
24/02/2021,31961.86,0.013460548,1.326270538,0.123758985,30814.5428,28211.1385
25/02/2021,31402.01,-0.01751619,1.303039331,0.134876211,30841.6556,28247.0386
26/02/2021,30932.37,-0.014955731,1.283551426,0.142027824,30863.072,28282.87655
01/03/2021,31535.51,0.019498668,1.308578969,0.152753285,30889.796,28324.31425
02/03/2021,31391.52,-0.004565964,1.302604045,0.152373014,30914.5356,28363.14515
03/03/2021,31270.09,-0.003868242,1.297565257,0.152627215,30933.87,28401.0685
04/03/2021,30924.14,-0.011063288,1.283209919,0.15421909,30948.7718,28432.70235
05/03/2021,31496.3,0.018502051,1.306951934,0.163497773,30974.3688,28469.14955
08/03/2021,31802.44,0.009719872,1.319655339,0.164594363,31010.1074,28505.28225
09/03/2021,31832.74,0.000952757,1.32091265,0.16447385,31044.1656,28542.07535
10/03/2021,32297.02,0.014584984,1.34017814,0.169016334,31086.1086,28581.23465
11/03/2021,32485.59,0.005838619,1.34800293,0.155988218,31127.741,28618.68705
12/03/2021,32778.64,0.009020923,1.36016316,0.155637135,31176.6004,28654.8389
15/03/2021,32953.46,0.005333351,1.367417388,0.140228617,31227.4784,28692.603
16/03/2021,32825.95,-0.003869396,1.362126308,0.141019235,31271.8678,28729.8172
17/03/2021,33015.37,0.005770435,1.369986369,0.135942654,31327.6974,28767.51895
18/03/2021,32862.3,-0.004636325,1.363634666,0.137460855,31377.1114,28803.1172
19/03/2021,32627.97,-0.007130663,1.353911046,0.137620573,31413.0828,28834.9076
22/03/2021,32731.2,0.00316385,1.358194618,0.137637088,31446.8842,28867.1545
23/03/2021,32423.15,-0.00941151,1.345411956,0.140088202,31473.3878,28893.71535
24/03/2021,32420.06,-9.53E-05,1.345283735,0.140069939,31501.6152,28917.95345
25/03/2021,32619.48,0.00615113,1.35355875,0.140809977,31532.631,28944.68935
26/03/2021,33072.88,0.01389967,1.37237277,0.145384351,31572.8792,28975.1038
29/03/2021,33171.37,0.002977969,1.376459653,0.145403794,31616.4762,29015.3198
30/03/2021,33066.96,-0.003147594,1.372127117,0.1461078,31661.5302,29052.6269
31/03/2021,32981.55,-0.002582941,1.368582994,0.146562278,31702.5508,29088.71885
01/04/2021,33153.21,0.005204728,1.375706096,0.146084352,31741.8474,29123.035
05/04/2021,33527.19,0.011280356,1.39122455,0.14854865,31788.871,29160.0729
06/04/2021,33430.24,-0.002891683,1.38720157,0.149224261,31837.5362,29196.8236
07/04/2021,33446.26,0.000479207,1.387866327,0.149225814,31887.2614,29234.6976
08/04/2021,33503.57,0.001713495,1.390244429,0.145218665,31938.592,29272.09065
09/04/2021,33800.6,0.008865622,1.402569811,0.134776378,32008.5406,29310.31315
12/04/2021,33745.4,-0.001633107,1.400279264,0.12496382,32071.3814,29351.81045
13/04/2021,33677.27,-0.002018942,1.397452182,0.115374155,32145.2744,29391.4688
14/04/2021,33730.89,0.001592172,1.399677166,0.113594381,32215.654,29435.0455
15/04/2021,34035.99,0.009045122,1.412337416,0.113544791,32282.6242,29477.24645
16/04/2021,34200.67,0.004838408,1.41917088,0.105689776,32352.1656,29519.1854
19/04/2021,34077.63,-0.00359759,1.414065285,0.097294995,32412.601,29560.8987
20/04/2021,33821.3,-0.007521943,1.403428766,0.099217708,32466.0622,29600.8684
21/04/2021,34137.31,0.00934352,1.416541731,0.101352177,32521.0932,29640.1198
22/04/2021,33815.9,-0.009415212,1.403204691,0.100041854,32569.8946,29679.7484
23/04/2021,34043.49,0.006730266,1.412648631,0.100406543,32622.0084,29719.62945
26/04/2021,33981.57,-0.00181885,1.410079235,0.098321233,32673.0258,29761.00685
27/04/2021,33984.93,9.89E-05,1.41021866,0.097586269,32723.5564,29800.555
28/04/2021,33820.38,-0.004841852,1.40339059,0.098051511,32769.509,29839.2279
29/04/2021,34060.36,0.007095722,1.413348659,0.098683393,32818.4558,29876.31675
30/04/2021,33874.85,-0.005446507,1.405650845,0.099116611,32866.086,29911.3405
03/05/2021,34113.23,0.007037079,1.415542521,0.097471078,32918.4642,29948.2331
04/05/2021,34133.03,0.00058042,1.416364131,0.097376129,32970.691,29985.5385
05/05/2021,34230.34,0.002850904,1.420402049,0.091855854,33024.5508,30023.28585
06/05/2021,34548.53,0.009295555,1.433605474,0.094152784,33076.2842,30061.8265
07/05/2021,34777.76,0.006635015,1.443117467,0.094342226,33143.7992,30100.6861
10/05/2021,34742.82,-0.001004665,1.441667618,0.087887538,33220.0082,30141.13855
11/05/2021,34269.16,-0.01363332,1.422012901,0.098290597,33274.6812,30180.1349
12/05/2021,33587.66,-0.019886685,1.393733778,0.115115873,33318.604,30215.14935
13/05/2021,34021.45,0.01291516,1.411734073,0.120109878,33373.6312,30253.3602
14/05/2021,34382.13,0.010601547,1.426700638,0.122717152,33442.791,30292.573
17/05/2021,34327.79,-0.001580472,1.424445777,0.119186325,33499.4208,30332.6437
18/05/2021,34060.66,-0.007781742,1.413361108,0.121330943,33544.5852,30370.8054
19/05/2021,33896.04,-0.004833142,1.406530133,0.122368858,33585.8512,30406.9636
20/05/2021,34084.15,0.005549616,1.414335835,0.123208667,33621.5938,30443.242
21/05/2021,34207.84,0.00362896,1.419468402,0.121072953,33656.0388,30478.2736
24/05/2021,34393.98,0.005441443,1.427192358,0.121760926,33688.3456,30513.3086
25/05/2021,34312.46,-0.002370182,1.423809652,0.121832396,33715.5256,30547.7035
26/05/2021,34323.05,0.000308634,1.424249089,0.121803078,33745.4676,30580.36155
27/05/2021,34464.64,0.004125216,1.430124424,0.119657729,33774.453,30614.2502
28/05/2021,34529.45,0.001880478,1.432813742,0.11901935,33807.796,30647.01325
01/06/2021,34575.31,0.001328142,1.434716721,0.118455905,33846.7428,30680.4062
02/06/2021,34600.38,0.000725084,1.435757011,0.115982144,33884.1264,30713.753
03/06/2021,34577.04,-0.000674559,1.434788508,0.113158513,33927.2042,30747.41365
04/06/2021,34756.39,0.005186968,1.44223071,0.109963764,33973.9308,30782.30525
07/06/2021,34630.24,-0.003629548,1.436996064,0.109319292,34014.146,30816.99205
08/06/2021,34599.82,-0.000878423,1.435733774,0.109172895,34044.6848,30851.2925
09/06/2021,34447.14,-0.00441274,1.429398254,0.110140294,34070.2002,30883.87655
10/06/2021,34466.24,0.000554473,1.430190817,0.108981538,34098.1858,30914.66545
11/06/2021,34479.6,0.000387626,1.430745195,0.107256372,34128.1468,30945.82125
14/06/2021,34393.75,-0.002489878,1.427182814,0.106185682,34152.9576,30976.1304
15/06/2021,34299.33,-0.002745266,1.423264817,0.104750732,34168.4004,31005.1657
16/06/2021,34033.67,-0.007745341,1.412241146,0.107239471,34180.469,31032.0647
17/06/2021,33823.45,-0.006176824,1.403517981,0.108285897,34188.0128,31059.0317
18/06/2021,33290.08,-0.015769237,1.381385573,0.113093259,34183.743,31082.2538
21/06/2021,33876.97,0.017629576,1.405738815,0.123712439,34185.2704,31106.13615
22/06/2021,33945.58,0.00202527,1.408585816,0.123989816,34189.274,31134.4004
23/06/2021,33874.24,-0.002101599,1.405625533,0.117929275,34193.2134,31163.10505
24/06/2021,34196.82,0.00952287,1.419011123,0.105792288,34202.532,31196.5847
25/06/2021,34433.84,0.006931054,1.428846365,0.10106529,34210.489,31229.05155
28/06/2021,34283.27,-0.004372733,1.422598401,0.097202745,34212.141,31262.795
29/06/2021,34292.29,0.000263102,1.42297269,0.097101906,34216.4342,31295.92825
30/06/2021,34502.51,0.006130241,1.431695855,0.095796867,34230.0584,31328.47415
01/07/2021,34633.53,0.003797405,1.437132584,0.094924678,34239.9828,31361.6638
02/07/2021,34786.35,0.004412487,1.443473913,0.094479665,34259.3918,31395.43365
06/07/2021,34577.37,-0.006007529,1.434802202,0.095997035,34270.0694,31428.8106
07/07/2021,34681.79,0.003019894,1.439135153,0.095139392,34284.0738,31463.93245
08/07/2021,34421.93,-0.007492693,1.428352155,0.097515149,34292.8138,31500.3036
09/07/2021,34870.16,0.013021641,1.446951643,0.104439078,34313.8094,31538.2135
12/07/2021,34996.18,0.003613978,1.452180895,0.104297337,34332.5258,31579.37875
13/07/2021,34888.79,-0.003068621,1.447724703,0.104726409,34352.8046,31619.7455
14/07/2021,34933.23,0.001273762,1.449568759,0.104722186,34369.2046,31658.54185
15/07/2021,34987.02,0.001539795,1.451800797,0.104773182,34386.2844,31695.55665
16/07/2021,34687.85,-0.008550885,1.439386615,0.107909474,34395.4346,31731.7326
19/07/2021,33962.04,-0.020924041,1.40926883,0.122785044,34383.7048,31762.6343
20/07/2021,34511.99,0.016193079,1.432089232,0.131840278,34378.3894,31796.10975
21/07/2021,34798,0.008287265,1.443957334,0.134016648,34379.493,31831.6857
22/07/2021,34823.35,0.00072849,1.445009243,0.133297102,34390.5768,31865.05925
23/07/2021,35061.55,0.006840238,1.45489345,0.134600496,34420.0546,31901.5032
26/07/2021,35144.31,0.00236042,1.45832761,0.134694122,34442.5118,31935.70745
27/07/2021,35058.52,-0.002441078,1.454767719,0.134684243,34456.0396,31968.8725
28/07/2021,34930.93,-0.003639344,1.449473319,0.134906178,34468.1024,32000.59265
29/07/2021,35084.53,0.004397249,1.455847015,0.132920761,34488.5798,32031.8277
30/07/2021,34935.47,-0.004248596,1.449661709,0.132125107,34509.3684,32063.106
02/08/2021,34838.16,-0.002785421,1.44562379,0.122734584,34524.4486,32094.7268
03/08/2021,35116.4,0.007986645,1.457169473,0.114670472,34542.6198,32127.8378
04/08/2021,34792.67,-0.00921877,1.443736164,0.118552465,34550.5936,32158.7696
05/08/2021,35064.25,0.007805667,1.455005488,0.119879736,34565.6294,32193.11375
06/08/2021,35208.51,0.004114162,1.460991616,0.117612,34583.3386,32227.61235
09/08/2021,35101.85,-0.003029381,1.456565715,0.116786385,34596.0828,32262.0675
10/08/2021,35264.67,0.004638502,1.463321998,0.116326739,34610.7872,32296.57255
11/08/2021,35484.97,0.006247046,1.472463437,0.117300743,34628.9804,32332.31955
12/08/2021,35499.85,0.000419332,1.473080889,0.116364892,34646.9698,32371.3919
13/08/2021,35515.38,0.000437467,1.473725313,0.116064149,34665.7366,32411.65285
16/08/2021,35625.4,0.003097813,1.478290638,0.1157771,34683.1168,32457.1801
17/08/2021,35343.28,-0.007919069,1.466583952,0.116883991,34697.3776,32500.60095
18/08/2021,34960.69,-0.010824972,1.450708223,0.12135672,34704.595,32542.8964
19/08/2021,34894.12,-0.001904139,1.447945873,0.119303768,34713.5346,32582.74175
20/08/2021,35120.08,0.00647559,1.457322177,0.114746278,34726.6114,32620.942
23/08/2021,35335.71,0.006139792,1.466269832,0.115617377,34743.7336,32658.38225
24/08/2021,35366.26,0.000864564,1.467537517,0.115168598,34763.1838,32693.26265
25/08/2021,35405.5,0.001109532,1.469165797,0.115159729,34785.3072,32728.67315
26/08/2021,35213.12,-0.005433619,1.46118291,0.116365728,34808.8962,32758.9489
27/08/2021,35455.8,0.006891749,1.471253016,0.114824402,34841.5432,32789.1233
30/08/2021,35399.84,-0.001578303,1.468930933,0.095075729,34883.7384,32819.13435
31/08/2021,35360.73,-0.001104807,1.467308047,0.084295676,34913.4136,32850.53715
01/09/2021,35312.53,-0.001363094,1.465307969,0.081463498,34940.7526,32879.70075
02/09/2021,35443.82,0.003717944,1.470755901,0.081994706,34972.1442,32907.16765
03/09/2021,35369.09,-0.002108407,1.467654949,0.080159682,34995.5896,32935.09635
07/09/2021,35100,-0.007608056,1.456488949,0.083089905,35008.9128,32963.40425
08/09/2021,35031.07,-0.001963818,1.45362867,0.082980944,35023.8688,32991.14345
09/09/2021,34879.38,-0.004330156,1.447334231,0.083266946,35035.6106,33019.22295
10/09/2021,34607.72,-0.007788556,1.436061587,0.085099192,35037.7148,33044.3052
13/09/2021,34869.63,0.007567965,1.446929651,0.087367386,35042.4368,33068.42215
14/09/2021,34577.57,-0.00837577,1.434810501,0.090341092,35038.2612,33091.94765
15/09/2021,34814.39,0.006848949,1.444637444,0.089497668,35043.0016,33116.46775
16/09/2021,34751.32,-0.001811607,1.442020329,0.085551395,35044.3922,33142.03115
17/09/2021,34584.88,-0.004789458,1.435113832,0.083290899,35047.6512,33165.83595
20/09/2021,33970.47,-0.017765278,1.409618636,0.096045589,35029.6574,33186.26935
21/09/2021,33919.84,-0.001490412,1.407517724,0.095890799,35008.1306,33206.02095
22/09/2021,34258.32,0.009978821,1.421563091,0.099846768,34995.5212,33226.22125
23/09/2021,34764.82,0.01478473,1.442580517,0.107929993,34992.153,33249.6964
24/09/2021,34798,0.000954413,1.443957334,0.107987654,34988.3726,33272.817
27/09/2021,34869.37,0.00205098,1.446918862,0.108228926,34992.003,33296.8198
28/09/2021,34299.99,-0.016328944,1.423292204,0.116785362,34998.762,33318.32345
29/09/2021,34390.72,0.00264519,1.427057083,0.115539716,34996.3366,33340.0452
30/09/2021,33843.92,-0.015899638,1.404367392,0.120176638,34977.255,33359.95705
01/10/2021,34326.46,0.014257805,1.424390588,0.128053612,34967.3172,33380.5928
04/10/2021,34002.92,-0.009425382,1.410965163,0.128801159,34946.1446,33399.8347
05/10/2021,34314.67,0.00916833,1.423901357,0.130556319,34929.5518,33419.8912
06/10/2021,34416.99,0.002981815,1.428147168,0.130954807,34916.7212,33441.0809
07/10/2021,34754.94,0.009819278,1.442170542,0.134486295,34913.2014,33463.77335
08/10/2021,34746.25,-0.000250036,1.441809947,0.133698585,34906.4358,33487.42705
11/10/2021,34496.06,-0.007200489,1.43142821,0.133248148,34897.6476,33509.2582
12/10/2021,34378.34,-0.003412564,1.42654337,0.133437571,34888.4512,33530.15055
13/10/2021,34377.81,-1.54E-05,1.426521377,0.133463325,34873.6794,33550.01975
14/10/2021,34912.56,0.015555092,1.448711049,0.141711207,34876.0772,33572.9042
15/10/2021,35294.76,0.01094735,1.464570595,0.145020935,34880.6874,33597.3302
18/10/2021,35258.61,-0.001024231,1.463070536,0.144924479,34881.6894,33620.59085
19/10/2021,35457.31,0.005635503,1.471315674,0.144013957,34888.7986,33646.75795
20/10/2021,35609.34,0.004287691,1.477624222,0.14427033,34895.692,33672.84665
21/10/2021,35603.08,-0.000175797,1.47736446,0.143540813,34898.0542,33696.71505
22/10/2021,35677.02,0.002076787,1.480432631,0.141286708,34901.5976,33719.8945
25/10/2021,35741.15,0.001797516,1.483093732,0.139958188,34906.113,33743.1104
26/10/2021,35756.88,0.000440109,1.483746455,0.137207736,34908.7426,33766.85135
27/10/2021,35490.69,-0.007444441,1.472700791,0.138302523,34911.6908,33788.96135
28/10/2021,35730.48,0.00675642,1.482650976,0.139188665,34927.0866,33812.3114
29/10/2021,35819.56,0.00249311,1.486347387,0.1381695,34945.5954,33836.4516
01/11/2021,35913.84,0.002632081,1.490259575,0.12593755,34961.4706,33861.9495
02/11/2021,36052.63,0.003864527,1.496018723,0.125645791,34975.809,33887.56005
03/11/2021,36157.58,0.002911022,1.500373666,0.123427699,34991.6354,33912.40605
04/11/2021,36124.23,-0.000922352,1.498989794,0.117346774,35006.01,33937.14715
05/11/2021,36327.95,0.005639428,1.507443239,0.118008579,35028.3066,33963.802
08/11/2021,36432.22,0.002870242,1.511769966,0.118067982,35047.835,33991.1631
09/11/2021,36319.98,-0.003080789,1.507112521,0.106357015,35066.2378,34018.0778
10/11/2021,36079.94,-0.006609034,1.497151962,0.109161907,35080.622,34046.96165
11/11/2021,35921.23,-0.004398843,1.490566226,0.097596771,35092.796,34073.551
12/11/2021,36100.31,0.004985353,1.497997224,0.09095579,35105.9258,34104.13945
15/11/2021,36087.45,-0.00035623,1.497463593,0.084916614,35120.293,34133.51715
16/11/2021,36142.22,0.001517702,1.499736297,0.082153845,35141.1374,34160.79085
17/11/2021,35931.05,-0.005842751,1.490973711,0.084932644,35159.137,34186.8281
18/11/2021,35870.95,-0.001672648,1.488479836,0.081555764,35178.9684,34210.90355
19/11/2021,35601.98,-0.007498268,1.477318815,0.085197034,35198.8536,34233.17225
22/11/2021,35619.25,0.000485085,1.478035441,0.081747873,35213.846,34254.3397
23/11/2021,35813.8,0.005461934,1.486108374,0.081554625,35238.5706,34276.52955
24/11/2021,35804.38,-0.000263027,1.485717487,0.081594515,35258.3704,34298.36245
26/11/2021,34899.34,-0.025277354,1.448162479,0.102936098,35261.3308,34315.70565
29/11/2021,35135.94,0.006779498,1.457980294,0.099746488,35272.352,34334.09335
30/11/2021,34483.72,-0.018562759,1.430916156,0.113161157,35282.617,34348.8982
01/12/2021,34022.04,-0.013388347,1.411758555,0.117241756,35284.661,34360.9433
02/12/2021,34639.79,0.018157347,1.437392345,0.129307408,35292.2904,34376.67555
03/12/2021,34580.08,-0.00172374,1.434914654,0.129311203,35288.5956,34392.10435
06/12/2021,35227.03,0.018708748,1.461760111,0.141126737,35297.1762,34410.63105
07/12/2021,35719.43,0.013977903,1.482192452,0.147054199,35314.1774,34431.54145
08/12/2021,35754.75,0.000988818,1.48365807,0.147076375,35343.2726,34450.5059
09/12/2021,35754.69,-1.68E-06,1.48365558,0.145357186,35370.552,34472.2693
10/12/2021,35970.99,0.006049556,1.492631037,0.145098042,35413.0934,34497.4624
13/12/2021,35650.95,-0.00889717,1.479350846,0.147316024,35439.5832,34518.0396
14/12/2021,35544.18,-0.002994871,1.474920381,0.14730676,35470.4084,34538.8029
15/12/2021,35927.43,0.010782356,1.490823497,0.150340731,35502.6636,34562.0896
16/12/2021,35897.64,-0.000829171,1.489587349,0.150086338,35532.2766,34586.9571
17/12/2021,35365.44,-0.014825487,1.467503491,0.15596419,35544.4866,34606.3028
20/12/2021,34932.16,-0.012251509,1.449524359,0.158286653,35548.2048,34621.9514
21/12/2021,35492.7,0.016046531,1.472784197,0.165704972,35568.1376,34640.2512
22/12/2021,35753.89,0.007358978,1.483622383,0.167221555,35595.6486,34657.53555
23/12/2021,35950.56,0.00550066,1.491783286,0.167041329,35627.1036,34674.8604
27/12/2021,36302.38,0.009786218,1.506382202,0.168893122,35654.9,34692.4791
28/12/2021,36398.21,0.002639772,1.510358707,0.168476869,35676.969,34709.70285
29/12/2021,36488.63,0.002484188,1.514110722,0.168577647,35701.5694,34728.01625
30/12/2021,36398.08,-0.002481595,1.510353313,0.168750418,35720.3848,34744.9298
31/12/2021,36338.3,-0.001642394,1.507872717,0.167860731,35734.964,34762.3098
03/01/2022,36585.06,0.006790631,1.518112125,0.168729472,35754.6036,34782.09525
04/01/2022,36799.65,0.005865509,1.527016625,0.167519931,35777.0562,34802.4375
05/01/2022,36407.11,-0.010666949,1.510728016,0.170991049,35790.3754,34822.3573
06/01/2022,36236.47,-0.004686997,1.503647239,0.171109188,35799.9672,34841.43935
07/01/2022,36231.66,-0.000132739,1.503447646,0.171104903,35814.7866,34859.50025
10/01/2022,36068.87,-0.004493032,1.496692608,0.153661236,35821.5544,34874.4802
11/01/2022,36252.02,0.005077786,1.504292493,0.153197424,35830.2036,34889.88345
12/01/2022,36290.32,0.001056493,1.505881767,0.141430107,35837.7332,34906.00025
13/01/2022,36113.62,-0.004869067,1.498549528,0.135543222,35838.953,34921.6606
14/01/2022,35911.81,-0.005588196,1.490175339,0.128262002,35834.0376,34935.4536
18/01/2022,35368.47,-0.015129842,1.467629222,0.136565053,35818.9224,34944.66
19/01/2022,35028.65,-0.009607993,1.453528251,0.128708678,35792.9364,34952.65205
20/01/2022,34715.39,-0.008942965,1.440529398,0.123889463,35758.5998,34958.9977
21/01/2022,34265.37,-0.012963127,1.421855633,0.128533111,35717.5076,34962.8067
24/01/2022,34364.5,0.002893008,1.425969073,0.129076584,35683.1988,34965.6262
25/01/2022,34297.73,-0.001942993,1.423198425,0.127192747,35650.7288,34968.38785
26/01/2022,34168.09,-0.003779842,1.41781896,0.12547919,35612.0844,34970.84195
27/01/2022,34160.78,-0.000213942,1.417515628,0.125427978,35573.551,34972.9914
28/01/2022,34725.47,0.01653036,1.440947672,0.131209424,35545.216,34976.4388
31/01/2022,35131.86,0.011702937,1.457810993,0.136360842,35529.2322,34981.09475
01/02/2022,35405.24,0.007781541,1.469155008,0.131646376,35519.918,34987.7328
02/02/2022,35629.33,0.006329289,1.478453715,0.127482253,35520.465,34996.77295
03/02/2022,35111.16,-0.014543355,1.456952038,0.126285312,35510.3032,35001.6422
04/02/2022,35089.74,-0.000610062,1.456063206,0.124163553,35495.822,35008.0114
07/02/2022,35091.13,3.96E-05,1.456120884,0.122835442,35481.557,35013.2496
08/02/2022,35462.78,0.010590996,1.471542654,0.12345741,35492.8258,35020.65565
09/02/2022,35768.06,0.008608462,1.484210373,0.126066078,35505.4682,35029.5713
10/02/2022,35241.59,-0.014718998,1.462364284,0.132178029,35520.6256,35036.67735
11/02/2022,34738.06,-0.014287948,1.441470099,0.137551006,35534.946,35040.06585
14/02/2022,34566.17,-0.004948175,1.434337453,0.137910102,35533.4736,35043.52245
15/02/2022,34988.84,0.012227852,1.451876319,0.141644308,35541.6488,35047.9005
16/02/2022,34934.27,-0.00155964,1.449611914,0.13993762,35535.7936,35051.9067
17/02/2022,34312.03,-0.017811736,1.423791809,0.145345832,35507.6456,35052.31515
18/02/2022,34079.18,-0.00678625,1.414129603,0.145818042,35474.1342,35049.9684
22/02/2022,33596.61,-0.014160259,1.394105162,0.149866004,35430.9726,35044.06265
23/02/2022,33131.76,-0.013836217,1.37481602,0.153367177,35374.188,35036.00735
24/02/2022,33223.83,0.002778905,1.378636502,0.152485602,35325.6456,35030.7807
25/02/2022,34058.75,0.025130155,1.413281851,0.172505246,35295.937,35033.13615
28/02/2022,33892.6,-0.004878335,1.406387389,0.172506561,35255.2404,35032.4919
01/03/2022,33294.95,-0.017633643,1.381587656,0.178091582,35203.1866,35027.056
02/03/2022,33891.35,0.017912626,1.406335519,0.183332869,35173.7048,35024.8738
03/03/2022,33794.66,-0.00285294,1.402323328,0.181729325,35150.9548,35023.5438
04/03/2022,33614.8,-0.005322143,1.394859963,0.180676835,35113.3968,35022.1376
07/03/2022,32817.38,-0.023722289,1.361770692,0.189344732,35054.6666,35015.80375
08/03/2022,32632.64,-0.005629334,1.35410483,0.189288672,34988.3082,35007.92775
09/03/2022,33286.25,0.020029333,1.381226646,0.1994368,34927.9856,35002.3891
10/03/2022,33174.07,-0.00337016,1.376571691,0.1993893,34863.5028,34996.69715
11/03/2022,32944.19,-0.006929508,1.367032725,0.200134912,34792.614,34989.80285
14/03/2022,32945.24,3.19E-05,1.367076296,0.1930707,34723.5572,34982.20585
15/03/2022,33544.34,0.018184721,1.391936197,0.197830541,34667.678,34977.2803
16/03/2022,34063.1,0.015464904,1.413462356,0.202157214,34617.2388,34974.71925
17/03/2022,34480.76,0.012261362,1.43079333,0.204793313,34570.861,34974.12115
18/03/2022,34754.93,0.007951391,1.442170127,0.202238884,34537.8174,34975.0106
21/03/2022,34552.99,-0.005810399,1.433790544,0.202877384,34504.1478,34973.9936
22/03/2022,34807.46,0.00736463,1.444349881,0.204133154,34475.6638,34974.8797
23/03/2022,34358.5,-0.012898384,1.425720101,0.204703817,34441.4564,34973.6731
24/03/2022,34707.94,0.010170409,1.440220258,0.205388067,34410.5748,34974.9771
25/03/2022,34861.24,0.004416857,1.446581504,0.20167203,34381.9932,34976.9521
28/03/2022,34955.89,0.00271505,1.450509045,0.197387479,34358.8386,34979.33355
29/03/2022,35294.19,0.009677911,1.464546943,0.19856747,34346.4862,34983.83575
30/03/2022,35228.81,-0.00185243,1.461833973,0.195680129,34343.693,34988.48315
31/03/2022,34678.35,-0.015625279,1.438992408,0.201016108,34336.687,34991.70655
01/04/2022,34818.27,0.004034794,1.444798446,0.194209892,34338.7446,34996.68065
04/04/2022,34921.88,0.002975737,1.449097786,0.193058369,34351.8748,35004.83965
05/04/2022,34641.18,-0.008037941,1.437450024,0.189698299,34357.4084,35008.6607
06/04/2022,34496.51,-0.004176243,1.431446883,0.185103792,34361.384,35011.41535
07/04/2022,34583.57,0.002523734,1.435059473,0.185088896,34369.6936,35014.962
08/04/2022,34721.12,0.003977322,1.440767167,0.171154903,34380.9004,35017.5835
11/04/2022,34308.08,-0.01189593,1.423627902,0.174321034,34372.5526,35016.9547
12/04/2022,34220.36,-0.002556832,1.419987925,0.165997174,34354.3226,35016.64015
13/04/2022,34564.59,0.010059216,1.43427189,0.16050015,34337.5096,35018.00165
14/04/2022,34451.23,-0.003279657,1.429567971,0.160587098,34313.9476,35017.74525
18/04/2022,34411.69,-0.001147709,1.427927242,0.159681999,34299.9582,35016.63605
19/04/2022,34911.2,0.014515707,1.448654615,0.146505874,34296.3874,35017.2603
20/04/2022,35160.79,0.007149282,1.459011455,0.145320337,34297.7806,35020.1774
21/04/2022,34792.76,-0.010467057,1.443739898,0.140199555,34284.3802,35020.73225
22/04/2022,33811.4,-0.028205868,1.403017961,0.164150489,34245.247,35017.6796
25/04/2022,34049.46,0.007040821,1.412896359,0.163510588,34221.4044,35013.5761
26/04/2022,33240.18,-0.023767778,1.379314952,0.178765223,34191.4468,35004.7961
27/04/2022,33301.93,0.001857692,1.381877294,0.170698691,34166.162,34996.8618
28/04/2022,33916.39,0.018451183,1.407374565,0.173277812,34144.713,34991.7776
29/04/2022,32977.21,-0.027691037,1.368402904,0.18670816,34105.5718,34981.72855
02/05/2022,33061.5,0.002556008,1.371900552,0.185002546,34080.5612,34973.5968
03/05/2022,33128.79,0.002035298,1.374692778,0.184847419,34061.5534,34969.43055
04/05/2022,34061.06,0.02814078,1.413377706,0.202326475,34070.8424,34967.1759
05/05/2022,32997.97,-0.031211301,1.369264349,0.218296517,34068.1666,34958.17575
06/05/2022,32899.37,-0.002988063,1.365172901,0.215627499,34061.6774,34948.55585
09/05/2022,32245.7,-0.01986877,1.338048595,0.221067631,34025.4164,34934.4766
10/05/2022,32160.74,-0.00263477,1.334523145,0.220513593,33990.7792,34919.55875
11/05/2022,31834.11,-0.010156172,1.320969499,0.218336424,33961.5624,34903.4367
12/05/2022,31730.3,-0.003260968,1.31666186,0.218291108,33918.3414,34887.43355
13/05/2022,32196.66,0.014697623,1.33601366,0.221192069,33886.3814,34872.9942
16/05/2022,32223.42,0.000831142,1.337124078,0.220579042,33858.5538,34859.43395
17/05/2022,32654.59,0.013380641,1.355015654,0.224837468,33855.298,34848.5161
18/05/2022,31490.07,-0.035661755,1.306693417,0.24452882,33832.4466,34830.38445
19/05/2022,31253.13,-0.007524277,1.296861495,0.244854126,33791.7842,34812.68675
20/05/2022,31261.9,0.000280612,1.297225409,0.244486896,33753.5408,34793.675
23/05/2022,31880.24,0.019779348,1.322883682,0.252694996,33732.2618,34777.03365
24/05/2022,31928.62,0.001517554,1.32489123,0.251448981,33711.9294,34761.1675
25/05/2022,32120.28,0.006002765,1.332844241,0.25258564,33683.4482,34745.44555
26/05/2022,32637.19,0.016092948,1.354293634,0.255672379,33654.93,34731.20665
27/05/2022,33212.96,0.017641531,1.378185447,0.2617277,33629.574,34719.7722
31/05/2022,32990.12,-0.006709429,1.36893861,0.262234775,33594.2778,34707.1459
01/06/2022,32813.23,-0.005361908,1.361598486,0.258131526,33559.4826,34693.08505
02/06/2022,33248.28,0.013258372,1.379651065,0.260595259,33528.299,34682.61005
03/06/2022,32899.7,-0.010484151,1.365186594,0.260600243,33499.123,34672.3051
06/06/2022,32915.78,0.000488758,1.365853841,0.248247047,33463.2798,34662.4134
07/06/2022,33180.14,0.008031406,1.376823568,0.248534512,33429.6578,34652.7137
08/06/2022,32910.9,-0.008114493,1.365651343,0.239924487,33388.758,34640.58965
09/06/2022,32272.79,-0.019389017,1.339172706,0.246146759,33328.33,34625.1223
10/06/2022,31392.79,-0.027267553,1.302656744,0.250493925,33251.6096,34605.05875
13/06/2022,30516.74,-0.027906089,1.266304688,0.25068291,33168.3774,34581.57685
14/06/2022,30364.83,-0.004977924,1.26000112,0.250323632,33079.3086,34556.122
15/06/2022,30668.53,0.010001703,1.272603277,0.252689888,32994.2416,34532.46545
16/06/2022,29927.07,-0.024176574,1.241836089,0.24296793,32899.9594,34505.29715
17/06/2022,29888.78,-0.001279444,1.24024723,0.229134392,32807.8048,34478.1784
21/06/2022,30530.25,0.0214619,1.266865291,0.240022311,32726.7384,34453.61055
22/06/2022,30483.13,-0.001543387,1.264910028,0.234223697,32641.9786,34429.18075
23/06/2022,30677.36,0.006371721,1.272969681,0.235385099,32569.3642,34407.06755
24/06/2022,31500.68,0.026838033,1.307133684,0.247618321,32514.9706,34389.4156
27/06/2022,31438.26,-0.001981545,1.30454354,0.247510097,32452.444,34372.21
28/06/2022,30946.99,-0.015626501,1.284158089,0.247264032,32382.3592,34353.90635
29/06/2022,31029.31,0.002660033,1.287573992,0.247451379,32314.7116,34334.70475
30/06/2022,30775.43,-0.008181942,1.277039136,0.244328176,32231.9962,34315.69405
01/07/2022,31097.26,0.010457368,1.290393605,0.224653097,32150.7256,34297.1084
05/07/2022,30967.82,-0.004162425,1.285022439,0.223926567,32074.2268,34278.1909
06/07/2022,31037.68,0.00225589,1.287921308,0.224037272,32018.7524,34260.4549
07/07/2022,31384.55,0.011175771,1.302314822,0.218713377,31965.4542,34247.5253
08/07/2022,31338.15,-0.001478434,1.300389434,0.218653887,31927.4136,34234.61685
11/07/2022,31173.84,-0.00524313,1.293571323,0.218162903,31884.8518,34219.19445
12/07/2022,30981.33,-0.00617537,1.285583042,0.212560826,31826.1506,34200.277
13/07/2022,30772.79,-0.006731151,1.276929589,0.20494291,31782.0622,34180.15095
14/07/2022,30630.17,-0.004634614,1.271011513,0.204657067,31733.4356,34158.95495
15/07/2022,31288.26,0.021485026,1.298319228,0.215760222,31696.625,34143.8963
18/07/2022,31072.61,-0.006892362,1.289370743,0.211651568,31636.856,34127.30575
19/07/2022,31827.05,0.024279904,1.320676541,0.223435163,31613.4376,34117.2214
20/07/2022,31874.84,0.001501553,1.322659607,0.223513405,31592.947,34104.9633
21/07/2022,32036.9,0.005084261,1.329384353,0.222643019,31588.771,34095.1332
22/07/2022,31899.29,-0.004295359,1.32367417,0.221867214,31583.542,34083.0563
25/07/2022,31990.04,0.002844891,1.327439878,0.215060162,31586.6606,34070.92155
26/07/2022,31761.54,-0.007142848,1.317958177,0.200468243,31587.2854,34055.95455
27/07/2022,32197.59,0.013728868,1.336052251,0.184983175,31587.304,34043.21125
28/07/2022,32529.63,0.010312573,1.349830388,0.185383793,31593.4282,34033.3791
29/07/2022,32845.13,0.00969885,1.36292219,0.185277414,31597.239,34025.71305
01/08/2022,32798.4,-0.001422738,1.360983109,0.167885121,31623.4056,34017.816
02/08/2022,32396.17,-0.012263708,1.34429241,0.17331262,31646.2664,34005.23405
03/08/2022,32812.5,0.01285121,1.361568195,0.16691101,31677.2784,33992.82275
04/08/2022,32726.82,-0.0026112,1.358012868,0.167162014,31694.21,33980.1638
05/08/2022,32803.47,0.002342116,1.361193491,0.166742404,31711.707,33966.8946
08/08/2022,32832.54,0.000886187,1.362399763,0.149626964,31725.9522,33953.0106
09/08/2022,32774.41,-0.0017705,1.359987634,0.149586469,31728.6966,33938.86725
10/08/2022,33309.51,0.016326762,1.382191829,0.146560891,31730.6276,33927.0297
11/08/2022,33336.67,0.000815383,1.383318845,0.146640462,31737.5586,33915.0073
12/08/2022,33761.05,0.012730126,1.400928667,0.14600817,31756.515,33905.02815
15/08/2022,33912.44,0.004484161,1.407210658,0.144421669,31769.7982,33897.1369
16/08/2022,34152.01,0.007064369,1.417151713,0.14328996,31794.8444,33889.24455
17/08/2022,33980.32,-0.00502723,1.410027366,0.14529491,31816.1352,33880.04835
18/08/2022,33999.04,0.000550907,1.41080416,0.143391169,31832.5132,33870.47435
19/08/2022,33706.74,-0.008597302,1.398675052,0.146645545,31848.43,33858.7449
22/08/2022,33063.61,-0.01908016,1.371988107,0.158014826,31864.2464,33843.27505
23/08/2022,32909.59,-0.004658294,1.365596984,0.157391764,31894.5824,33827.20185
24/08/2022,32969.23,0.001812238,1.36807177,0.155176317,31943.6322,33810.40825
25/08/2022,33291.78,0.009783365,1.381456115,0.155166068,32002.1712,33794.70605
26/08/2022,32283.4,-0.030289158,1.339612972,0.172641569,32034.4686,33774.52315
29/08/2022,32098.99,-0.005712224,1.331960803,0.172200044,32077.907,33754.6184
30/08/2022,31790.87,-0.009599056,1.319175237,0.160219092,32115.9488,33733.9666
31/08/2022,31510.43,-0.008821401,1.307538264,0.162166531,32135.5524,33711.0172
01/09/2022,31656.42,0.004633069,1.313596179,0.162040793,32159.0182,33688.86205
02/09/2022,31318.44,-0.010676507,1.29957156,0.164429535,32171.8398,33664.74315
06/09/2022,31145.3,-0.005528372,1.292387044,0.164713354,32164.7322,33640.8144
07/09/2022,31581.28,0.01399826,1.310478214,0.169023138,32167.5926,33619.36605
08/09/2022,31774.52,0.006118815,1.318496787,0.164990109,32184.1432,33600.22875
09/09/2022,32151.71,0.011870832,1.334148442,0.16592748,32206.5912,33582.89105
12/09/2022,32381.34,0.007142077,1.343677033,0.164745032,32238.7094,33565.72875
13/09/2022,31104.97,-0.039416837,1.290713534,0.199819473,32238.8636,33542.2317
14/09/2022,31135.09,0.000968334,1.291963376,0.197399439,32242.209,33523.41045
15/09/2022,30961.82,-0.005565104,1.284773466,0.193140296,32240.6918,33502.53985
16/09/2022,30822.42,-0.004502319,1.278989006,0.193281855,32229.4492,33484.23335
19/09/2022,31019.68,0.006399887,1.287174391,0.194414587,32223.0798,33469.22155
20/09/2022,30706.23,-0.010104875,1.274167654,0.195706004,32213.7276,33449.55375
21/09/2022,30183.78,-0.017014463,1.252488376,0.200377011,32197.7766,33427.57225
22/09/2022,30076.68,-0.003548263,1.248044218,0.192118967,32183.8544,33401.8205
23/09/2022,29590.41,-0.016167675,1.227866244,0.195218384,32163.0592,33371.1754
26/09/2022,29260.81,-0.011138744,1.214189356,0.189738569,32122.5102,33338.7057
27/09/2022,29134.99,-0.004299949,1.208968403,0.187746447,32083.7578,33305.6072
28/09/2022,29683.74,0.018834741,1.23173901,0.197170803,32040.8916,33274.17095
29/09/2022,29225.61,-0.015433702,1.212728718,0.199663382,31987.907,33242.04425
30/09/2022,28725.51,-0.017111704,1.191976862,0.201995305,31921.6792,33207.9509
03/10/2022,29490.89,0.02664461,1.22373662,0.222153519,31873.5112,33175.7682
04/10/2022,30316.32,0.027989321,1.257988178,0.236456931,31840.0368,33147.8616
05/10/2022,30273.87,-0.001400236,1.256226698,0.236420554,31810.2834,33122.40375
06/10/2022,29926.94,-0.011459718,1.241830695,0.237360831,31764.8704,33097.37765
07/10/2022,29296.79,-0.021056279,1.215682361,0.239618187,31700.2136,33066.3981
10/10/2022,29202.88,-0.003205471,1.211785527,0.226430845,31627.3686,33033.64305
11/10/2022,29239.19,0.001243371,1.213292225,0.226667867,31556.1844,33000.0862
12/10/2022,29210.85,-0.000969247,1.212116245,0.225865468,31492.478,32964.62855
13/10/2022,30038.72,0.028341181,1.246469052,0.242229145,31437.0024,32932.8311
14/10/2022,29634.83,-0.013445646,1.22970947,0.243925312,31375.1626,32898.5621
17/10/2022,30185.82,0.018592649,1.252573027,0.249648625,31322.8096,32867.5008
18/10/2022,30523.8,0.011196648,1.266597646,0.251771961,31276.6348,32838.4283
19/10/2022,30423.81,-0.003275804,1.26244852,0.248048537,31229.6228,32807.62205
20/10/2022,30333.59,-0.002965441,1.258704804,0.247138649,31170.1044,32775.29175
21/10/2022,31082.56,0.02469111,1.289783622,0.255775966,31125.0222,32748.669
24/10/2022,31499.62,0.013417814,1.307089699,0.258147931,31079.7936,32724.98475
25/10/2022,31836.74,0.010702351,1.321078632,0.232587585,31038.2796,32703.01015
26/10/2022,31839.11,7.44E-05,1.321176976,0.232599017,30992.0216,32681.86135
27/10/2022,32033.28,0.006098474,1.32923414,0.232260423,30953.0808,32660.76765
28/10/2022,32861.8,0.025864351,1.363613918,0.242201567,30930.336,32643.62505
31/10/2022,32732.95,-0.003920966,1.358267235,0.242511788,30910.8602,32626.7217
01/11/2022,32653.2,-0.002436383,1.354957976,0.240219152,30902.652,32610.42865
02/11/2022,32147.76,-0.015479034,1.333984535,0.239193108,30887.4154,32594.3251
03/11/2022,32001.25,-0.004557394,1.327905042,0.239422075,30868.0558,32579.1881
04/11/2022,32403.22,0.012561072,1.344584953,0.234724515,30850.2846,32567.62725
07/11/2022,32827,0.01307833,1.362169878,0.23240867,30861.1566,32560.4354
08/11/2022,33160.83,0.010169373,1.376022291,0.231731308,30882.3934,32554.41705
09/11/2022,32513.94,-0.019507654,1.349179324,0.23758611,30896.8548,32545.4981
10/11/2022,33715.37,0.036951228,1.399033157,0.250162398,30940.9536,32543.2345
11/11/2022,33747.86,0.000963655,1.400381343,0.241687388,30982.7824,32541.1699
14/11/2022,33536.7,-0.006256989,1.391619172,0.235400491,31027.1476,32535.22605
15/11/2022,33592.92,0.001676372,1.393952044,0.224592694,31076.1,32527.53135
16/11/2022,33553.83,-0.001163638,1.392329988,0.224548669,31115.551,32518.2743
17/11/2022,33546.32,-0.000223819,1.392018358,0.220352771,31150.987,32507.85925
18/11/2022,33745.69,0.005943126,1.400291298,0.207282251,31182.8666,32501.0319
21/11/2022,33700.28,-0.001345653,1.398406991,0.206727019,31209.2454,32494.0846
22/11/2022,34098.1,0.01180465,1.414914696,0.207383328,31269.108,32489.11945
23/11/2022,34194.06,0.002814233,1.418896596,0.206690988,31330.2874,32482.77585
25/11/2022,34347.03,0.004473584,1.425244149,0.194852844,31397.9916,32475.6707
28/11/2022,33849.46,-0.014486551,1.404597277,0.195709668,31458.5324,32468.71005
29/11/2022,33852.53,9.07E-05,1.404724668,0.191444876,31515.1894,32464.2824
30/11/2022,34589.77,0.021777988,1.435316745,0.197316409,31592.8602,32464.4004
01/12/2022,34395.01,-0.005630566,1.427235098,0.198212954,31677.0848,32461.43125
02/12/2022,34429.88,0.00101381,1.428682043,0.19730114,31764.1488,32458.9093
05/12/2022,33947.1,-0.014022123,1.408648889,0.194425194,31851.2826,32457.08465
06/12/2022,33596.34,-0.010332547,1.394093958,0.195564406,31937.9932,32454.67045
07/12/2022,33597.92,4.70E-05,1.394159521,0.193981806,32027.2518,32454.677
08/12/2022,33781.48,0.005463433,1.401776419,0.194177525,32109.2066,32457.9256
09/12/2022,33476.46,-0.009029208,1.389119488,0.196372643,32194.2236,32459.18875
12/12/2022,34005.04,0.015789603,1.411053133,0.187500405,32299.8142,32458.9202
13/12/2022,34108.64,0.003046607,1.415352057,0.186930951,32392.1692,32460.0004
14/12/2022,33966.35,-0.00417167,1.409447675,0.187310897,32465.1698,32463.3574
15/12/2022,33202.22,-0.022496677,1.377739786,0.193792268,32523.7368,32459.91175
16/12/2022,32920.46,-0.00848618,1.366048039,0.195127299,32583.6072,32455.54075
19/12/2022,32757.54,-0.004948898,1.359287607,0.192709936,32652.8222,32451.25445
20/12/2022,32849.74,0.002814619,1.363113484,0.189120199,32725.7594,32451.41625
21/12/2022,33376.48,0.01603483,1.384970777,0.192568893,32808.5052,32455.13545
22/12/2022,33027.49,-0.010456166,1.370489293,0.186164312,32884.838,32453.84165
23/12/2022,33203.93,0.005342216,1.377810744,0.151902049,32948.1422,32453.99095
27/12/2022,33241.56,0.0011333,1.379372216,0.15191671,33020.2768,32455.4778
28/12/2022,32875.71,-0.011005801,1.36419112,0.154099289,33074.0746,32455.13015
29/12/2022,33220.8,0.010496808,1.378510771,0.157327014,33128.0146,32453.51245
30/12/2022,33147.25,-0.002213974,1.375458784,0.15740517,33182.4834,32448.9332
03/01/2023,33136.37,-0.000328232,1.375007314,0.157404683,33238.539,32442.21125
04/01/2023,33269.77,0.004025788,1.380542801,0.156834327,33282.2832,32434.78545
05/01/2023,32930.08,-0.01021017,1.366447225,0.159369791,33310.8924,32426.6709
06/01/2023,33630.61,0.021273255,1.395516006,0.167967643,33346.7698,32420.78665
09/01/2023,33517.65,-0.003358845,1.390828684,0.167892062,33380.3406,32416.5824
10/01/2023,33704.1,0.005562741,1.398565504,0.168208113,33413.757,32411.5632
11/01/2023,33973.01,0.007978555,1.409724035,0.164626922,33435.9812,32407.12205
12/01/2023,34189.97,0.006386246,1.418726879,0.165607688,33465.1216,32403.29245
13/01/2023,34302.61,0.003294533,1.423400922,0.153045819,33498.1098,32398.33455
17/01/2023,33910.85,-0.011420705,1.40714468,0.155717038,33533.3716,32391.74475
18/01/2023,33296.96,-0.018103056,1.381671062,0.163826978,33559.2858,32384.8378
19/01/2023,33044.56,-0.007580272,1.37119762,0.16042767,33572.1126,32375.96925
20/01/2023,33375.49,0.010014659,1.384929696,0.160813349,33583.0824,32368.2373
23/01/2023,33629.56,0.007612473,1.395472436,0.16238927,33592.457,32363.1792
24/01/2023,33733.96,0.003104412,1.399804557,0.161852994,33616.8574,32359.36645
25/01/2023,33743.84,0.00029288,1.400214531,0.159571249,33617.4268,32355.1678
26/01/2023,33949.41,0.006092075,1.408744743,0.153768499,33621.4578,32351.30925
27/01/2023,33978.08,0.000844492,1.409934417,0.15352048,33630.2854,32349.65925
30/01/2023,33717.09,-0.007681129,1.399104529,0.154665437,33632.7688,32347.1429
31/01/2023,34086.04,0.010942522,1.414414261,0.14267489,33643.413,32344.75015
01/02/2023,34092.96,0.000203016,1.414701409,0.139895082,33654.3458,32342.9588
02/02/2023,34053.94,-0.001144518,1.413082258,0.138871691,33660.5108,32341.17005
03/02/2023,33926.01,-0.003756687,1.40777375,0.139566123,33665.0254,32336.2441
06/02/2023,33891.02,-0.001031362,1.406321826,0.132284933,33660.8838,32329.89525
07/02/2023,34156.69,0.00783895,1.417345912,0.129666572,33660.1364,32326.7149
08/02/2023,33949.01,-0.006080214,1.408728145,0.130682286,33652.176,32327.40295
09/02/2023,33699.88,-0.007338358,1.398390393,0.13276909,33649.1844,32325.65505
10/02/2023,33869.27,0.005026427,1.405419301,0.128777114,33649.5192,32328.8005
13/02/2023,34245.93,0.011120996,1.421048963,0.12918812,33642.6424,32333.5205
14/02/2023,34089.27,-0.004574558,1.414548291,0.129884953,33636.5276,32334.3849
15/02/2023,34128.05,0.001137601,1.416157483,0.129827413,33630.491,32340.1391
16/02/2023,33696.85,-0.012634768,1.398264662,0.135333732,33625.486,32343.31585
17/02/2023,33826.69,0.003853179,1.403652426,0.131789799,33630.093,32346.80535
21/02/2023,33129.59,-0.020607987,1.374725975,0.131509202,33620.7264,32342.148
22/02/2023,33045.09,-0.00255059,1.371219612,0.131375548,33605.9986,32342.3836
23/02/2023,33153.91,0.003293076,1.375735143,0.130637012,33599.5476,32343.6563
24/02/2023,32816.92,-0.010164412,1.361751604,0.130968399,33575.7852,32346.5124
27/02/2023,32889.09,0.00219917,1.364746328,0.129436247,33551.3942,32350.15415
28/02/2023,32656.7,-0.007065869,1.355103209,0.129750984,33525.2012,32354.2671
01/03/2023,32661.84,0.000157395,1.355316496,0.126436961,33514.3936,32358.9248
02/03/2023,33003.57,0.010462668,1.369496723,0.120244543,33516.0558,32362.95935
03/03/2023,33390.97,0.011738124,1.385572045,0.123037904,33528.7244,32368.7971
06/03/2023,33431.44,0.001212004,1.387251365,0.119644364,33540.3584,32372.68135
07/03/2023,32856.46,-0.017198781,1.363392333,0.127433239,33529.958,32379.5133
08/03/2023,32798.4,-0.00176708,1.360983109,0.126936138,33525.3762,32387.23965
09/03/2023,32254.86,-0.01657215,1.338428693,0.134724077,33506.3948,32392.20445
10/03/2023,31909.64,-0.010702883,1.324103647,0.135326396,33479.7564,32392.35145
13/03/2023,31819.14,-0.002836134,1.320348312,0.135067689,33458.625,32391.80405
14/03/2023,32155.4,0.010567853,1.33430156,0.138876586,33437.317,32391.97965
15/03/2023,31874.57,-0.008733525,1.322648403,0.13516445,33411.8634,32388.16655
16/03/2023,32246.55,0.011670118,1.338083866,0.140899054,33394.067,32383.3345
17/03/2023,31861.98,-0.011925927,1.322125976,0.143885777,33365.9112,32377.6938
20/03/2023,32244.58,0.012008042,1.33800212,0.149524298,33352.2012,32374.85055
21/03/2023,32560.6,0.009800717,1.3511155,0.15316519,33330.801,32371.41215
22/03/2023,32030.11,-0.01629239,1.329102599,0.156598164,33301.0502,32367.0642
23/03/2023,32105.25,0.002345918,1.332220565,0.156638225,33269.0732,32363.01155
24/03/2023,32237.53,0.004120198,1.337709578,0.156646075,33234.3636,32358.2985
27/03/2023,32432.08,0.006034892,1.34578251,0.157034077,33199.2058,32355.9044
28/03/2023,32394.25,-0.001166438,1.344212739,0.152495229,33161.0386,32356.5117
29/03/2023,32717.6,0.00998171,1.35763028,0.155994712,33137.1736,32363.13575
30/03/2023,32859.03,0.00432275,1.363498976,0.156702516,33128.415,32374.8472
31/03/2023,33274.15,0.012633361,1.380724551,0.157810031,33133.0068,32389.3938
03/04/2023,33601.15,0.009827449,1.394293551,0.160133045,33137.52,32404.0569
04/04/2023,33402.38,-0.005915571,1.386045508,0.149124386,33132.9764,32421.43345
05/04/2023,33482.72,0.002405218,1.389379249,0.148988191,33127.9516,32439.40315
06/04/2023,33485.29,7.68E-05,1.389485893,0.148752165,33122.7806,32454.17835
10/04/2023,33586.52,0.003023119,1.393686473,0.145508534,33115.5228,32469.6953
11/04/2023,33684.79,0.002925876,1.397764227,0.145583886,33109.657,32484.73245
12/04/2023,33646.5,-0.001136715,1.396175368,0.143789869,33108.2452,32495.46155
13/04/2023,34029.69,0.011388703,1.412075995,0.146845878,33107.1182,32508.4187
14/04/2023,33886.47,-0.004208678,1.406133022,0.145132871,33102.9884,32523.1161
17/04/2023,33987.18,0.002971983,1.410312025,0.141637034,33101.6532,32537.90545
18/04/2023,33976.63,-0.000310411,1.409874248,0.141651278,33102.6656,32553.91145
19/04/2023,33897.01,-0.002343375,1.406570383,0.131640758,33102.7854,32567.9102
20/04/2023,33786.62,-0.003256629,1.401989705,0.131990347,33095.384,32582.0042
21/04/2023,33808.96,0.000661208,1.402916712,0.121021496,33092.583,32595.8606
24/04/2023,33875.4,0.00196516,1.405673668,0.11526519,33096.0934,32608.31485
25/04/2023,33530.83,-0.010171688,1.391375594,0.119821478,33089.3246,32619.27825
26/04/2023,33301.87,-0.006828343,1.381874804,0.119335995,33070.4434,32629.9184
27/04/2023,33826.16,0.01574356,1.403630434,0.122677935,33065.1812,32644.14255
28/04/2023,34098.16,0.008041114,1.414917186,0.120628967,33064.5834,32660.7694
